Dates,Times,closePrices,upPrices,downPrices,AvgGain,AvgLoss,RS,RSI
12/01/2021,9:00PM,0.207709,0.0,0.0,0.0,0.0,0.0,0.0
12/01/2021,10:00PM,0.214031,0.006321999999999994,0.0,0.0,0.0,0.0,0.0
12/01/2021,11:00PM,0.209347,0.0,-0.004683999999999994,0.0,0.0,0.0,0.0
12/02/2021,12:00AM,0.20813,0.0,-0.0012169999999999959,0.0,0.0,0.0,0.0
12/02/2021,1:00AM,0.208648,0.0005179999999999907,0.0,0.0,0.0,0.0,0.0
12/02/2021,2:00AM,0.207244,0.0,-0.0014039999999999886,0.0,0.0,0.0,0.0
12/02/2021,3:00AM,0.204348,0.0,-0.0028960000000000097,0.0,0.0,0.0,0.0
12/02/2021,4:00AM,0.20548,0.0011319999999999941,0.0,0.0,0.0,0.0,0.0
12/02/2021,5:00AM,0.205964,0.0004840000000000122,0.0,0.0,0.0,0.0,0.0
12/02/2021,6:00AM,0.205948,0.0,-1.6000000000016e-05,0.0,0.0,0.0,0.0
12/02/2021,7:00AM,0.206125,0.00017700000000001048,0.0,0.0,0.0,0.0,0.0
12/02/2021,8:00AM,0.220287,0.014162000000000008,0.0,0.0,0.0,0.0,0.0
12/02/2021,9:00AM,0.21422,0.0,-0.006067000000000017,0.0,0.0,0.0,0.0
12/02/2021,10:00AM,0.216549,0.0023289999999999977,0.0,0.0,0.0,0.0,0.0
12/02/2021,11:00AM,0.215416,0.0,-0.0011329999999999951,0.0,0.0,0.0,0.0
12/02/2021,12:00PM,0.21483,0.0,-0.0005860000000000032,0.001794571428571429,0.0012859285714285728,1.395545186913291,58.25584900410414
12/02/2021,1:00PM,0.212211,0.0,-0.0026189999999999825,0.0013430000000000009,0.0014730000000000001,0.9117447386286496,47.691761363636374
12/02/2021,2:00PM,0.21258,0.00036899999999998045,0.0,0.0013693571428571424,0.001138428571428572,1.2028485380850789,54.604232532968744
12/02/2021,3:00PM,0.210843,0.0,-0.0017369999999999886,0.0013693571428571424,0.0011755714285714286,1.1648438449386314,53.80729181284908
12/02/2021,4:00PM,0.20933,0.0,-0.0015130000000000143,0.0013323571428571432,0.0012836428571428582,1.0379500306048628,50.931083442551326
12/02/2021,5:00PM,0.210076,0.0007460000000000244,0.0,0.0013856428571428592,0.0011833571428571446,1.1709422345626848,53.93705165990102
12/02/2021,6:00PM,0.208908,0.0,-0.0011680000000000024,0.0013856428571428592,0.0010599285714285728,1.3072983354673497,56.65926748057714
12/02/2021,7:00PM,0.208339,0.0,-0.0005690000000000139,0.0013047857142857167,0.001100571428571431,1.1855529595015573,54.244988864142535
12/02/2021,8:00PM,0.210114,0.0017749999999999988,0.0,0.0013970000000000013,0.001100571428571431,1.269340602284526,55.93433621232051
12/02/2021,9:00PM,0.211404,0.0012900000000000134,0.0,0.0014891428571428595,0.0010994285714285726,1.3544698544698552,57.52759381898456
12/02/2021,10:00PM,0.21093,0.0,-0.0004740000000000022,0.0014765000000000017,0.0011332857142857156,1.3028488591957645,56.57552617894189
12/02/2021,11:00PM,0.209954,0.0,-0.0009760000000000046,0.00046492857142857246,0.0012030000000000016,0.38647429046431575,27.87460922444437
12/03/2021,12:00AM,0.210026,7.199999999998874e-05,0.0,0.0004700714285714288,0.0007696428571428576,0.6107656612529001,37.917722977644615
12/03/2021,1:00AM,0.209573,0.0,-0.0004529999999999812,0.0003037142857142861,0.0008019999999999991,0.37869611685073123,27.467700258397983
12/03/2021,2:00AM,0.207278,0.0,-0.0022950000000000192,0.0003037142857142861,0.0008850000000000009,0.34317998385795007,25.54981372431199
12/03/2021,3:00AM,0.207638,0.0003599999999999992,0.0,0.00032942857142857177,0.0008431428571428577,0.39071501186038643,28.094541910331387
12/03/2021,4:00AM,0.208579,0.0009409999999999974,0.0,0.0003966428571428573,0.0006560714285714304,0.6045726728361444,37.678111005563785
12/03/2021,5:00AM,0.209296,0.0007170000000000232,0.0,0.0004215000000000032,0.0006560714285714304,0.6424605334785006,39.11573644438564
12/03/2021,6:00AM,0.210087,0.0007909999999999862,0.0,0.00047800000000000224,0.0005320000000000027,0.8984962406015033,47.326732673267315
12/03/2021,7:00AM,0.209659,0.0,-0.00042799999999998395,0.00047800000000000224,0.00045450000000000053,1.0517051705170555,51.260053619303044
12/03/2021,8:00AM,0.209678,1.8999999999991246e-05,0.0,0.00042607142857142843,0.00045450000000000053,0.937450887945936,48.385788449059014
12/03/2021,9:00AM,0.209889,0.00021099999999998897,0.0,0.0004411428571428562,0.00037107142857142894,1.188835418671796,54.31360478409982
12/03/2021,10:00AM,0.209873,0.0,-1.5999999999988246e-05,0.0004411428571428562,0.0003315714285714271,1.3304610081861297,57.09003512664084
12/03/2021,11:00AM,0.209484,0.0,-0.00038900000000000046,0.000314357142857142,0.0003593571428571414,0.8747763864042946,46.66030534351148
12/03/2021,12:00PM,0.209808,0.00032399999999999096,0.0,0.0002453571428571404,0.0003593571428571414,0.6827668455575392,40.574060949680934
12/03/2021,1:00PM,0.20975,0.0,-5.8000000000002494e-05,0.0002453571428571404,0.0003296428571428557,0.7443120260021627,42.67080745341601
12/03/2021,2:00PM,0.206675,0.0,-0.0030749999999999944,0.0002453571428571404,0.00047957142857142643,0.5116175156389606,33.84569908365344
12/03/2021,3:00PM,0.205132,0.0,-0.0015429999999999888,0.0002402142857142841,0.0005897857142857113,0.4072907835775698,28.94148020654042
12/03/2021,4:00PM,0.20057,0.0,-0.0045620000000000105,0.0002402142857142841,0.0008832857142857134,0.27195536147501054,21.380888804119678
12/03/2021,5:00PM,0.202455,0.0018849999999999978,0.0,0.0003748571428571411,0.0007193571428571406,0.5211001886605096,34.25811084274427
12/03/2021,6:00PM,0.202636,0.00018100000000001448,0.0,0.00036207142857142785,0.0007193571428571406,0.5033263826829516,33.48084544253635
12/03/2021,7:00PM,0.19979,0.0,-0.002846000000000015,0.00029485714285714233,0.000922642857142856,0.3195788495780752,24.21824581988851
12/03/2021,8:00PM,0.199884,9.400000000001074e-05,0.0,0.00025035714285714147,0.000922642857142856,0.27134783618487146,21.343319936670255
12/03/2021,9:00PM,0.200699,0.0008149999999999824,0.0,0.0002520714285714269,0.000922642857142856,0.27320585275218556,21.458105314362072
12/03/2021,10:00PM,0.1992,0.0,-0.0014990000000000003,0.0002520714285714269,0.000999142857142857,0.25228767515012707,20.14614374607514
12/03/2021,11:00PM,0.200059,0.0008589999999999987,0.0,0.00031207142857142745,0.000999142857142857,0.31233914784100547,23.800185215449076
12/04/2021,12:00AM,0.196823,0.0,-0.003235999999999989,0.00029699999999999963,0.0012302857142857135,0.24140733859730593,19.446263212047498
12/04/2021,1:00AM,0.197341,0.0005179999999999907,0.0,0.00033399999999999896,0.0012291428571428573,0.27173407717340686,21.36720891975868
12/04/2021,2:00AM,0.197761,0.0004200000000000037,0.0,0.00036399999999999925,0.001201357142857143,0.30299066531898383,23.253479352041936
12/04/2021,3:00AM,0.190408,0.0,-0.007352999999999998,0.00034085714285714275,0.0017265714285714284,0.1974185007446632,16.487009397457157
12/04/2021,4:00AM,0.18391,0.0,-0.006498000000000004,0.00034085714285714275,0.0021865714285714288,0.15588658042597667,13.486321501243495
12/04/2021,5:00AM,0.163897,0.0,-0.020013000000000003,0.00034085714285714275,0.003396428571428572,0.10035751840168239,9.120446466113663
12/04/2021,6:00AM,0.162349,0.0,-0.0015479999999999938,0.00034085714285714275,0.0033967857142857155,0.10034696667017132,9.119574980411642
12/04/2021,7:00AM,0.162084,0.0,-0.00026499999999998747,0.00034085714285714275,0.003089857142857142,0.11031485505571223,9.935457006037893
12/04/2021,8:00AM,0.165424,0.003339999999999982,0.0,0.00044478571428571305,0.003089857142857142,0.14395025197651265,12.583611195311676
12/04/2021,9:00AM,0.169285,0.0038610000000000033,0.0,0.0007076428571428551,0.003089857142857142,0.22902122150815976,18.6344399510956
12/04/2021,10:00AM,0.168818,0.0,-0.0004669999999999952,0.0007076428571428551,0.0029199285714285694,0.24234937253846667,19.50734454377188
12/04/2021,11:00AM,0.160304,0.0,-0.008513999999999994,0.0007009285714285686,0.003528071428571426,0.1986718765817012,16.57433368239701
12/04/2021,12:00PM,0.163016,0.002711999999999992,0.0,0.0008364285714285693,0.003528071428571426,0.2370781284797437,19.16436181529545
12/04/2021,1:00PM,0.168978,0.005961999999999995,0.0,0.0012622857142857119,0.0034209999999999974,0.3689815008142978,26.95299392978066
12/04/2021,2:00PM,0.174637,0.005658999999999997,0.0,0.0016051428571428547,0.0034209999999999974,0.46920282290057175,31.935878122957092
12/04/2021,3:00PM,0.176447,0.001810000000000006,0.0,0.0017344285714285693,0.003189857142857141,0.5437323659814587,35.22193211488249
12/04/2021,4:00PM,0.173782,0.0,-0.0026650000000000007,0.00169742857142857,0.003380214285714284,0.5021659658094371,33.42945967617145
12/04/2021,5:00PM,0.176088,0.0023060000000000025,0.0,0.0018321428571428555,0.003380214285714284,0.5420197367030829,35.14998698148629
12/04/2021,6:00PM,0.17965,0.0035620000000000096,0.0,0.0020865714285714277,0.0028549999999999986,0.7308481361020766,42.22485617646209
12/04/2021,7:00PM,0.181439,0.001788999999999985,0.0,0.0022143571428571407,0.002390857142857141,0.9261771032504778,48.08369394940517
12/04/2021,8:00PM,0.177886,0.0,-0.0035530000000000006,0.0022143571428571407,0.0012151428571428552,1.8223019045379745,64.56792951908861
12/04/2021,9:00PM,0.176652,0.0,-0.0012339999999999851,0.0022143571428571407,0.001192714285714283,1.85656964905977,64.99297679196631
12/04/2021,10:00PM,0.179984,0.0033320000000000016,0.0,0.002452357142857141,0.0011737857142857125,2.0892715876589807,67.62990978213767
12/04/2021,11:00PM,0.178969,0.0,-0.0010150000000000159,0.0022137857142857137,0.0012462857142857137,1.7763067400275108,63.98092524927232
12/05/2021,12:00AM,0.176592,0.0,-0.0023769999999999902,0.0019379999999999992,0.0014160714285714273,1.3685750315258518,57.78052260578829
12/05/2021,1:00AM,0.173311,0.0,-0.003281000000000006,0.0019379999999999992,0.001617071428571428,1.198462829630284,54.51367262060235
12/05/2021,2:00AM,0.174963,0.0016520000000000146,0.0,0.002056,0.0010089285714285714,2.0378053097345132,67.0814980540213
12/05/2021,3:00AM,0.17899,0.004027000000000003,0.0,0.0021499285714285726,0.0010089285714285714,2.1309026548672576,68.06032923299567
12/05/2021,4:00AM,0.177671,0.0,-0.0013190000000000146,0.00172407142857143,0.001103142857142858,1.562872312872313,60.981278896440216
12/05/2021,5:00AM,0.179432,0.0017610000000000126,0.0,0.0014456428571428595,0.001103142857142858,1.3104765604765616,56.718885743911684
12/05/2021,6:00AM,0.178082,0.0,-0.0013500000000000179,0.001316357142857145,0.0011995714285714307,1.097356198642372,52.32092666723448
12/05/2021,7:00AM,0.176471,0.0,-0.0016110000000000013,0.001316357142857145,0.0011242857142857166,1.1708386277001266,53.93485322953553
12/05/2021,8:00AM,0.177744,0.0012730000000000241,0.0,0.001242571428571432,0.0011242857142857166,1.1052096569250327,52.49879285369389
12/05/2021,9:00AM,0.174566,0.0,-0.003178000000000014,0.00098814285714286,0.0013512857142857176,0.7312612326884451,42.238641914997565
12/05/2021,10:00AM,0.175269,0.0007030000000000092,0.0,0.0009105714285714332,0.0013512857142857176,0.6738555872713835,40.25768963557134
12/05/2021,11:00AM,0.175006,0.0,-0.0002630000000000132,0.0009105714285714332,0.0011162857142857185,0.815715382646533,44.92528897659998
12/05/2021,12:00PM,0.17585,0.0008440000000000114,0.0,0.0009708571428571483,0.0010281428571428624,0.9442823398638326,48.56714071321376
12/05/2021,1:00PM,0.174321,0.0,-0.0015290000000000026,0.0007328571428571482,0.0011373571428571483,0.6443509388934262,39.185731199633416
12/05/2021,2:00PM,0.1693,0.0,-0.005020999999999998,0.0007328571428571482,0.0014235000000000042,0.5148276381153115,33.98588889993054
12/05/2021,3:00PM,0.166617,0.0,-0.0026830000000000187,0.0007328571428571482,0.001445357142857149,0.5070422535211283,33.64485981308418
12/05/2021,4:00PM,0.168888,0.002271000000000023,0.0,0.0008950714285714355,0.0012110000000000057,0.7391176123628664,42.499576055621574
12/05/2021,5:00PM,0.171205,0.0023169999999999857,0.0,0.0009425714285714335,0.0012110000000000057,0.7783413943612131,43.767827529021574
12/05/2021,6:00PM,0.169731,0.0,-0.001474000000000003,0.0006549285714285762,0.0013162857142857201,0.49755806381593365,33.22462586513032
12/05/2021,7:00PM,0.169588,0.0,-0.00014300000000000423,0.0006549285714285762,0.0012322857142857194,0.5314746116392318,34.70345558457295
12/05/2021,8:00PM,0.169546,0.0,-4.199999999998649e-05,0.0005291428571428609,0.0012352857142857185,0.42835665548745394,29.98947453647486
12/05/2021,9:00PM,0.169705,0.00015899999999999248,0.0,0.0005405000000000033,0.0011388571428571459,0.4745985950827914,32.184934711411756
12/05/2021,10:00PM,0.171167,0.0014620000000000188,0.0,0.000644928571428576,0.001023785714285717,0.6299448824391293,38.648232171903196
12/05/2021,11:00PM,0.17175,0.0005830000000000002,0.0,0.00059564285714286,0.001023785714285717,0.5818042280053036,36.781051517290095
12/06/2021,12:00AM,0.167679,0.0,-0.004071000000000019,0.00059564285714286,0.0010875714285714319,0.5476815972678323,35.387226819435654
12/06/2021,1:00AM,0.16971,0.002031000000000005,0.0,0.0006905000000000026,0.0010875714285714319,0.634900827531854,38.834210420600186
12/06/2021,2:00AM,0.170871,0.0011609999999999954,0.0,0.0007734285714285737,0.0010687857142857166,0.72365167412952,41.983637703074734
12/06/2021,3:00AM,0.171504,0.0006329999999999947,0.0,0.000758357142857144,0.0010687857142857166,0.709550223885584,41.505082095387
12/06/2021,4:00AM,0.170392,0.0,-0.0011120000000000019,0.000758357142857144,0.0010390000000000022,0.7298913790732843,42.192902277152946
12/06/2021,5:00AM,0.168328,0.0,-0.0020639999999999825,0.000758357142857144,0.0008277857142857155,0.9161273621537666,47.8114023236963
12/06/2021,6:00AM,0.165892,0.0,-0.0024359999999999937,0.000758357142857144,0.0008101428571428565,0.9360782930700073,48.34919622933655
12/06/2021,7:00AM,0.165293,0.0,-0.0005990000000000162,0.0005961428571428566,0.000852928571428572,0.6989364374842967,41.139646078769616
12/06/2021,8:00AM,0.165846,0.0005529999999999979,0.0,0.00047014285714285745,0.000852928571428572,0.5512101164056612,35.53420072342493
12/06/2021,9:00AM,0.161903,0.0,-0.003943000000000002,0.00047014285714285745,0.0010292857142857148,0.4567661346287301,31.354801829268297
12/06/2021,10:00AM,0.161635,0.0,-0.00026799999999999047,0.00047014285714285745,0.001038214285714285,0.4528379772961822,31.16920017047879
12/06/2021,11:00AM,0.166468,0.004833000000000004,0.0,0.0008153571428571435,0.0010352142857142862,0.7876216104326229,44.05974988420566
12/06/2021,12:00PM,0.166152,0.0,-0.0003160000000000107,0.0008040000000000011,0.0010577857142857155,0.7600783307448175,43.18434682524458
12/06/2021,1:00PM,0.165934,0.0,-0.00021799999999999597,0.0006995714285714284,0.0010733571428571437,0.6517601650362674,39.45852302485796
12/06/2021,2:00PM,0.166322,0.00038799999999999946,0.0,0.0006856428571428569,0.0010733571428571437,0.6387835229919471,38.97912775115729
12/06/2021,3:00PM,0.173251,0.006928999999999991,0.0,0.0011805714285714277,0.0007825714285714282,1.5085797736400144,60.13680686945131
12/06/2021,4:00PM,0.173748,0.0004970000000000252,0.0,0.0010710000000000006,0.0007825714285714282,1.3685651697699905,57.78034682080927
12/06/2021,5:00PM,0.173694,0.0,-5.400000000002625e-05,0.0009880714285714295,0.0007864285714285728,1.2564032697547673,55.68168095640622
12/06/2021,6:00PM,0.173911,0.00021700000000002273,0.0,0.0009583571428571457,0.0007864285714285728,1.2186194368755692,54.9269251238384
12/06/2021,7:00PM,0.174541,0.0006299999999999917,0.0,0.001003357142857145,0.0007070000000000012,1.4191755910284911,58.663604092712475
12/06/2021,8:00PM,0.173966,0.0,-0.0005749999999999922,0.001003357142857145,0.0006006428571428592,1.6704721132120328,62.553437833986436
12/06/2021,9:00PM,0.177566,0.003599999999999992,0.0,0.0012605000000000016,0.00042664285714285954,2.9544617445169803,74.71210838272643
12/06/2021,10:00PM,0.179127,0.0015610000000000068,0.0,0.0013720000000000021,0.0003838571428571441,3.574246371417932,78.13847530713527
12/06/2021,11:00PM,0.178143,0.0,-0.0009840000000000126,0.0013325000000000023,0.0004541428571428593,2.9340987731991106,74.58121776676123
12/07/2021,12:00AM,0.17911,0.0009669999999999956,0.0,0.0014015714285714306,0.00017250000000000202,8.125051759834285,89.04115805236637
12/07/2021,1:00AM,0.17992,0.0008100000000000052,0.0,0.0014594285714285738,0.00015335714285714556,9.516534699580658,90.4911643562601
12/07/2021,2:00AM,0.178141,0.0,-0.0017790000000000028,0.0011142142857142878,0.0002804285714285743,3.973255221599559,79.89244558258629
12/07/2021,3:00AM,0.179305,0.0011639999999999984,0.0,0.0011973571428571448,0.000257857142857145,4.643490304709109,82.28046924851509
12/07/2021,4:00AM,0.17928,0.0,-2.4999999999997247e-05,0.0011973571428571448,0.0002440714285714308,4.9057652911910665,83.06739345887007
12/07/2021,5:00AM,0.179097,0.0,-0.00018299999999998873,0.0011696428571428591,0.00025714285714285856,4.548611111111094,81.97747183979969
12/07/2021,6:00AM,0.180701,0.0016039999999999943,0.0,0.0007892857142857165,0.00025714285714285856,3.069444444444436,75.4266211604095
12/07/2021,7:00AM,0.179939,0.0,-0.0007620000000000127,0.0007537857142857148,0.0003115714285714309,2.4193030719853112,70.75427422058317
12/07/2021,8:00AM,0.18132,0.001381000000000021,0.0,0.0008524285714285734,0.00030771428571428616,2.770194986072426,73.47617288511269
12/07/2021,9:00AM,0.180867,0.0,-0.00045300000000000895,0.0008369285714285718,0.00034007142857142965,2.4610375971434504,71.10693045272478
12/07/2021,10:00AM,0.181158,0.00029100000000001347,0.0,0.0008127142857142876,0.00034007142857142965,2.3898340684730077,70.50003098085381
12/07/2021,11:00AM,0.182268,0.0011099999999999999,0.0,0.000892000000000002,0.00029900000000000163,2.9832775919732346,74.89504617968088
12/07/2021,12:00PM,0.177726,0.0,-0.004542000000000018,0.0006348571428571453,0.0006234285714285744,1.018331805682859,50.454132606721146
12/07/2021,1:00PM,0.179894,0.0021680000000000033,0.0,0.000678214285714288,0.0006234285714285744,1.0878780934922074,52.10448334522304
12/07/2021,2:00PM,0.181822,0.001928000000000013,0.0,0.0008159285714285745,0.0005531428571428591,1.4750774793388433,59.59722439609746
12/07/2021,3:00PM,0.181234,0.0,-0.0005880000000000052,0.0007468571428571463,0.0005951428571428595,1.254920787325973,55.65254417713435
12/07/2021,4:00PM,0.179962,0.0,-0.0012719999999999954,0.0006890000000000031,0.000686000000000002,1.004373177842567,50.109090909090945
12/07/2021,5:00PM,0.179707,0.0,-0.0002550000000000052,0.0006890000000000031,0.0005771428571428594,1.1938118811881195,54.41724021211781
12/07/2021,6:00PM,0.179498,0.0,-0.00020900000000001473,0.000605857142857146,0.0005920714285714319,1.0232838701894071,50.575398008466976
12/07/2021,7:00PM,0.179629,0.00013100000000002,0.0,0.0006152142857142903,0.0005902857142857178,1.0422313649564392,51.03395153167037
12/07/2021,8:00PM,0.177573,0.0,-0.0020560000000000023,0.0006152142857142903,0.0007240714285714331,0.8496596626220786,45.93600000000003
12/07/2021,9:00PM,0.178311,0.0007379999999999887,0.0,0.0005533571428571471,0.0007240714285714331,0.7642300483377736,43.318049653321445
12/07/2021,10:00PM,0.175598,0.0,-0.002712999999999993,0.0005533571428571471,0.0008634285714285746,0.6408835208471237,39.057222082178065
12/07/2021,11:00PM,0.176508,0.0009099999999999941,0.0,0.0005197142857142881,0.0008634285714285746,0.6019192587690276,37.57488122288785
12/08/2021,12:00AM,0.174721,0.0,-0.0017870000000000108,0.0005197142857142881,0.000958714285714289,0.5420950677991363,35.153154894192696
12/08/2021,1:00AM,0.177823,0.0031020000000000214,0.0,0.0007205000000000029,0.000958714285714289,0.7515273431679338,42.90697179803482
12/08/2021,2:00AM,0.17764,0.0,-0.00018300000000001648,0.0006412142857142886,0.0009717857142857186,0.6598309445056965,39.7529005402533
12/08/2021,3:00AM,0.176848,0.0,-0.0007919999999999872,0.0006412142857142886,0.0007039285714285736,0.9109081684424163,47.66886151231949
12/08/2021,4:00AM,0.177822,0.0009740000000000026,0.0,0.0005559285714285743,0.0007039285714285736,0.7897513952308489,44.12631817666407
12/08/2021,5:00AM,0.178638,0.0008159999999999834,0.0,0.00047650000000000074,0.0007039285714285736,0.6769152714358184,40.36669490499815
12/08/2021,6:00AM,0.179513,0.0008750000000000147,0.0,0.0005390000000000018,0.0006619285714285732,0.8142872558541066,44.88193659668116
12/08/2021,7:00AM,0.180405,0.0008920000000000039,0.0,0.0006027142857142878,0.0005710714285714307,1.055409631019387,51.34789752327633
12/08/2021,8:00AM,0.180432,2.6999999999999247e-05,0.0,0.0006046428571428591,0.0005528571428571446,1.0936692506459949,52.23696390003086
12/08/2021,9:00AM,0.179262,0.0,-0.0011700000000000044,0.0006046428571428591,0.0006215000000000011,0.9728766808412842,49.31259466387048
12/08/2021,10:00AM,0.174375,0.0,-0.0048870000000000025,0.0005952857142857149,0.0009705714285714298,0.6133352958492786,38.01660432442295
12/08/2021,11:00AM,0.174788,0.0004129999999999967,0.0,0.0006247857142857147,0.0008237142857142868,0.7584980922650012,43.13329059618323
12/08/2021,12:00PM,0.177422,0.0026339999999999975,0.0,0.0007602142857142867,0.0008237142857142868,0.9229101630246271,47.99549041713641
12/08/2021,1:00PM,0.175677,0.0,-0.0017449999999999966,0.0007602142857142867,0.0007545714285714299,1.0074782279439602,50.186259254019895
12/08/2021,2:00PM,0.179407,0.003730000000000011,0.0,0.0009616428571428594,0.0007545714285714299,1.2744225672093912,56.03279643734133
12/08/2021,3:00PM,0.179186,0.0,-0.00022099999999999898,0.0009616428571428594,0.0006427142857142862,1.4962213825294535,59.93945060326793
12/08/2021,4:00PM,0.178828,0.0,-0.00035800000000002496,0.0007400714285714292,0.0006682857142857165,1.1074176998717373,52.548562154485914
12/08/2021,5:00PM,0.179089,0.0002610000000000112,0.0,0.0007587142857142871,0.0006552142857142867,1.1579635887931978,53.660015155342265
12/08/2021,6:00PM,0.180014,0.0009250000000000091,0.0,0.0008247857142857164,0.0005986428571428591,1.3777592172771735,57.94359694901644
12/08/2021,7:00PM,0.179642,0.0,-0.0003720000000000112,0.0007552142857142877,0.0006252142857142885,1.2079287101565155,54.708682603746205
12/08/2021,8:00PM,0.179835,0.00019299999999999873,0.0,0.0007107142857142887,0.0006252142857142885,1.1367531132183248,53.20002138694327
12/08/2021,9:00PM,0.179546,0.0,-0.0002889999999999837,0.0006482142857142877,0.0006458571428571444,1.003649635036497,50.09107468123863
12/08/2021,10:00PM,0.178479,0.0,-0.0010670000000000124,0.0005845000000000017,0.0007220714285714311,0.8094767039271931,44.735403455062304
12/08/2021,11:00PM,0.178703,0.00022400000000000198,0.0,0.0005985714285714304,0.0007220714285714311,0.8289642892472051,45.32424684947806
12/09/2021,12:00AM,0.180122,0.0014190000000000036,0.0,0.0006999285714285736,0.0006385000000000021,1.0962076294887568,52.29480200661756
12/09/2021,1:00AM,0.17906,0.0,-0.0010620000000000074,0.0006999285714285736,0.0003652857142857168,1.9161126319906066,65.70777174277467
12/09/2021,2:00AM,0.177848,0.0,-0.0012119999999999909,0.0006704285714285738,0.00045185714285714474,1.4837179892507104,59.73778004073318
12/09/2021,3:00AM,0.177089,0.0,-0.0007590000000000097,0.00048228571428571683,0.0005060714285714311,0.9529992942836981,48.79670448796705
12/09/2021,4:00AM,0.178205,0.0011160000000000059,0.0,0.0005620000000000029,0.0003814285714285742,1.4734082397003714,59.569957601453616
12/09/2021,5:00AM,0.177552,0.0,-0.0006530000000000147,0.00029557142857143074,0.00042807142857143244,0.6904722175871839,40.84493139867729
12/09/2021,6:00AM,0.175942,0.0,-0.0016100000000000003,0.00029557142857143074,0.0005272857142857182,0.5605526957464101,35.920138888888886
12/09/2021,7:00AM,0.177713,0.0017710000000000226,0.0,0.00042207142857143235,0.0005017142857142878,0.8412585421412341,45.68932188973954
12/09/2021,8:00AM,0.176936,0.0,-0.0007769999999999999,0.00040342857142857444,0.0005572142857142878,0.7240097423407282,41.99568741170356
12/09/2021,9:00AM,0.179876,0.002939999999999998,0.0,0.0005473571428571451,0.0005572142857142878,0.9823099602615052,49.55380237972065
12/09/2021,10:00AM,0.178815,0.0,-0.0010610000000000064,0.0005473571428571451,0.0006064285714285732,0.9025912838633697,47.440104005447935
12/09/2021,11:00AM,0.178016,0.0,-0.0007989999999999942,0.0005335714285714309,0.0006635000000000014,0.8041769835289069,44.57306521868851
12/09/2021,12:00PM,0.178273,0.00025699999999997947,0.0,0.0005519285714285722,0.0006428571428571454,0.8585555555555534,46.194774914808335
12/09/2021,1:00PM,0.177842,0.0,-0.00043099999999998695,0.0005519285714285722,0.0005974285714285722,0.923840267814443,48.02063265179293
12/09/2021,2:00PM,0.173963,0.0,-0.0038789999999999936,0.0005359285714285721,0.0008745000000000003,0.6128399901984813,37.99756912792466
12/09/2021,3:00PM,0.173422,0.0,-0.0005410000000000137,0.000434571428571429,0.0009131428571428584,0.4759073842302877,32.24507101971591
12/09/2021,4:00PM,0.17564,0.0022179999999999978,0.0,0.0005930000000000003,0.000837285714285715,0.7082409145197063,41.46024770275668
12/09/2021,5:00PM,0.173193,0.0,-0.002446999999999977,0.0005930000000000003,0.0009254999999999998,0.640734737979471,39.05169575238724
12/09/2021,6:00PM,0.171087,0.0,-0.0021060000000000245,0.0005930000000000003,0.0010217142857142866,0.5803970917225949,36.72476333716712
12/09/2021,7:00PM,0.172177,0.0010900000000000076,0.0,0.0005911428571428576,0.0010217142857142866,0.578579418344519,36.651904340124005
12/09/2021,8:00PM,0.171685,0.0,-0.0004919999999999924,0.0005911428571428576,0.0010102142857142849,0.5851658064059968,36.91511664213394
12/09/2021,9:00PM,0.172243,0.0005580000000000029,0.0,0.0006310000000000006,0.0008952142857142849,0.704859171786485,41.34412879674268
12/09/2021,10:00PM,0.171749,0.0,-0.0004939999999999944,0.000504499999999999,0.0009304999999999988,0.5421816227834494,35.1567944250871
12/09/2021,11:00PM,0.171471,0.0,-0.00027800000000000047,0.000504499999999999,0.0008948571428571417,0.5637771392081733,36.05226889898422
12/10/2021,12:00AM,0.170606,0.0,-0.0008650000000000047,0.00029449999999999914,0.0009566428571428563,0.30784738296124775,23.53847910481842
12/10/2021,1:00AM,0.17135,0.0007439999999999947,0.0,0.0003476428571428559,0.0008808571428571416,0.3946642880311377,28.298156869585398
12/10/2021,2:00AM,0.171737,0.00038699999999999846,0.0,0.00037528571428571293,0.0008237857142857134,0.45556229948842336,31.298028236135053
12/10/2021,3:00AM,0.171194,0.0,-0.0005429999999999879,0.0003569285714285715,0.0008625714285714268,0.4137959589267979,29.26843554149832
12/10/2021,4:00AM,0.170369,0.0,-0.0008250000000000202,0.0003569285714285715,0.0008907142857142863,0.40072173215717705,28.60823266731549
12/10/2021,5:00AM,0.169949,0.0,-0.0004200000000000037,0.0003569285714285715,0.0006436428571428585,0.5545444456775043,35.672472872644164
12/10/2021,6:00AM,0.167646,0.0,-0.0023029999999999995,0.0003569285714285715,0.0007695000000000003,0.46384479717813043,31.686746987951807
12/10/2021,7:00AM,0.166496,0.0,-0.0011499999999999844,0.00019850000000000027,0.0008516428571428564,0.23307892308982692,18.90219017820708
12/10/2021,8:00AM,0.168208,0.0017119999999999913,0.0,0.00032078571428571394,0.0006768571428571438,0.4739341494301382,32.154363857664435
12/10/2021,9:00AM,0.169319,0.0011110000000000009,0.0,0.00040014285714285683,0.0005264285714285706,0.7601085481682502,43.18532223250079
12/10/2021,10:00AM,0.168938,0.0,-0.00038099999999999246,0.00032228571428571343,0.0005536428571428557,0.582118436330796,36.79360678463671
12/10/2021,11:00AM,0.170684,0.0017459999999999976,0.0,0.000446999999999999,0.0005184999999999991,0.8621022179363544,46.29725530813049
12/10/2021,12:00PM,0.171788,0.0011039999999999939,0.0,0.0004859999999999983,0.0005184999999999991,0.9373191899710688,48.382279741164716
12/10/2021,1:00PM,0.17373,0.0019419999999999993,0.0,0.000624714285714284,0.0004832142857142852,1.2928307464892808,56.3857907291599
12/10/2021,2:00PM,0.167996,0.0,-0.005733999999999989,0.000624714285714284,0.0008729285714285702,0.7156533835201693,41.713168312109474
12/10/2021,3:00PM,0.167843,0.0,-0.00015300000000001424,0.000624714285714284,0.000822071428571428,0.7599270136414964,43.17946186126877
12/10/2021,4:00PM,0.16787,2.6999999999999247e-05,0.0,0.0005734999999999986,0.000822071428571428,0.6976279433486824,41.0942778175862
12/10/2021,5:00PM,0.169386,0.0015160000000000173,0.0,0.0006541428571428572,0.000822071428571428,0.7957250847163095,44.312188513088515
12/10/2021,6:00PM,0.168313,0.0,-0.0010730000000000184,0.0006541428571428572,0.000859928571428573,0.7606944098347025,43.20422701325655
12/10/2021,7:00PM,0.168683,0.0003700000000000092,0.0,0.0006805714285714291,0.0008010000000000002,0.8496522204387378,45.93578247035003
12/10/2021,8:00PM,0.168828,0.00014500000000000624,0.0,0.0006909285714285725,0.0007709999999999999,0.8961460070409502,47.26144525333468
12/10/2021,9:00PM,0.167595,0.0,-0.0012330000000000119,0.0006909285714285725,0.0006945714285714293,0.9947552447552452,49.86853637160387
12/10/2021,10:00PM,0.166219,0.0,-0.0013759999999999883,0.0006909285714285725,0.0007107142857142867,0.9721608040201005,49.29419558681139
12/10/2021,11:00PM,0.16482,0.0,-0.0013990000000000113,0.0005686428571428588,0.000810642857142859,0.7014714952859288,41.227343345416905
12/11/2021,12:00AM,0.163929,0.0,-0.0008910000000000029,0.0004892857142857159,0.0008742857142857163,0.5596405228758174,35.88266107909902
12/11/2021,1:00AM,0.165281,0.0013520000000000199,0.0,0.0005858571428571459,0.0008470714285714312,0.6916266126992172,40.88529983550177
12/11/2021,2:00AM,0.165564,0.0002829999999999777,0.0,0.0004813571428571445,0.0008470714285714312,0.5682603929505019,36.23507904075708
12/11/2021,3:00AM,0.165224,0.0,-0.0003399999999999792,0.0004025000000000021,0.000871357142857144,0.4619231084515142,31.59694964674226
12/11/2021,4:00AM,0.167274,0.0020499999999999963,0.0,0.00041021428571428757,0.000871357142857144,0.4707762931387834,32.00869468286709
12/11/2021,5:00AM,0.166995,0.0,-0.00027900000000000147,0.00041021428571428757,0.0004817142857142877,0.8515717674970348,45.99183150476496
12/11/2021,6:00AM,0.166871,0.0,-0.000124000000000013,0.00041021428571428757,0.00047964285714285904,0.8552494415487719,46.09889227805428
12/11/2021,7:00AM,0.166908,3.700000000000925e-05,0.0,0.00041092857142857397,0.00047964285714285904,0.8567386448250205,46.14212383702283
12/11/2021,8:00AM,0.167508,0.0005999999999999894,0.0,0.0003455000000000006,0.00047964285714285904,0.7203276247207728,41.87153739612183
12/11/2021,9:00AM,0.167957,0.00044900000000000495,0.0,0.0003775714285714295,0.0004030000000000006,0.9369018078695507,48.37115666178626
12/11/2021,10:00AM,0.167843,0.0,-0.00011400000000000299,0.00035114285714285743,0.0004111428571428579,0.8540653231410693,46.06446776611691
12/11/2021,11:00AM,0.167677,0.0,-0.00016599999999999948,0.0003407857142857141,0.00042300000000000074,0.8056399864910485,44.61797437575979
12/11/2021,12:00PM,0.168288,0.0006110000000000004,0.0,0.00038442857142857126,0.00033492857142857136,1.1477927063339728,53.44057193923145
12/11/2021,1:00PM,0.167996,0.0,-0.0002919999999999867,0.00038442857142857126,0.0002574999999999998,1.492926490984744,59.88650272616002
12/11/2021,2:00PM,0.16868,0.0006839999999999902,0.0,0.0004332857142857134,0.00015757142857142755,2.74977334542159,73.33172147001943
12/11/2021,3:00PM,0.168887,0.00020700000000001273,0.0,0.00044807142857142864,9.39285714285702e-05,4.7703422053232565,82.67000527148147
12/11/2021,4:00PM,0.168623,0.0,-0.0002640000000000142,0.0003514999999999986,0.00011278571428571407,3.1165294490183597,75.70769230769227
12/11/2021,5:00PM,0.168555,0.0,-6.799999999998474e-05,0.0003312857142857145,0.00011764285714285585,2.8160291438980294,73.79474940334151
12/11/2021,6:00PM,0.167785,0.0,-0.0007700000000000207,0.0003312857142857145,0.00014835714285714452,2.2330284063552965,69.06924795234526
12/11/2021,7:00PM,0.166709,0.0,-0.0010759999999999936,0.00018485714285714335,0.00022521428571428692,0.8208055819854085,45.07925448528125
12/11/2021,8:00PM,0.167012,0.0003029999999999977,0.0,0.00020650000000000033,0.00020528571428571538,1.0059151009046587,50.147441457068425
12/11/2021,9:00PM,0.167442,0.0004300000000000137,0.0,0.00023721428571428702,0.0001964285714285716,1.2076363636363692,54.70268489540449
12/11/2021,10:00PM,0.168003,0.0005610000000000059,0.0,0.00027464285714285823,0.0001964285714285716,1.3981818181818224,58.30174374526163
12/11/2021,11:00PM,0.169099,0.0010959999999999859,0.0,0.0003100714285714294,0.0001964285714285716,1.5785454545454574,61.21844591736008
12/12/2021,12:00AM,0.168708,0.0,-0.00039100000000000246,0.00027800000000000047,0.0002243571428571432,1.2390958293537093,55.339115597895635
12/12/2021,1:00AM,0.168057,0.0,-0.0006509999999999849,0.00027800000000000047,0.0002627142857142848,1.0581837955410605,51.41347424042284
12/12/2021,2:00AM,0.167803,0.0,-0.0002540000000000042,0.00027800000000000047,0.0002689999999999994,1.0334572490706362,50.82266910420486
12/12/2021,3:00AM,0.168065,0.00026199999999998447,0.0,0.0002530714285714279,0.0002689999999999994,0.9407859798194368,48.47448351347653
12/12/2021,4:00AM,0.167169,0.0,-0.0008959999999999801,0.0002530714285714279,0.00031214285714285605,0.8107551487414195,44.77442183748265
12/12/2021,5:00AM,0.167336,0.00016700000000000048,0.0,0.0002161428571428572,0.00031214285714285605,0.692448512585815,40.91400757166044
12/12/2021,6:00AM,0.168647,0.0013109999999999788,0.0,0.00029499999999999763,0.00031214285714285605,0.9450800915331765,48.58823529411753
12/12/2021,7:00AM,0.168306,0.0,-0.0003409999999999802,0.00029499999999999763,0.00031764285714285363,0.9287159883067264,48.15203451090132
12/12/2021,8:00AM,0.167333,0.0,-0.0009730000000000016,0.00029499999999999763,0.000382285714285712,0.7716741405082196,43.5562117696688
12/12/2021,9:00AM,0.166586,0.0,-0.0007469999999999977,0.00029499999999999763,0.0003806428571428532,0.7750046913116925,43.66212073157844
12/12/2021,10:00AM,0.166748,0.00016199999999999548,0.0,0.0003065714285714259,0.0003037857142857108,1.0091699976487214,50.228203627852615
12/12/2021,11:00AM,0.167558,0.0008100000000000052,0.0,0.00034278571428571214,0.0003037857142857108,1.1283799670820656,53.01590808661083
12/12/2021,12:00PM,0.167307,0.0,-0.0002510000000000012,0.00031207142857142545,0.00032171428571428233,0.9700266429840148,49.23926518652092
12/12/2021,1:00PM,0.167942,0.0006349999999999967,0.0,0.0003173571428571391,0.00032171428571428233,0.9864564831261088,49.65910361014862
12/12/2021,2:00PM,0.168028,8.600000000000274e-05,0.0,0.0002452142857142831,0.00032171428571428233,0.7622113676731793,43.25311830666498
12/12/2021,3:00PM,0.167034,0.0,-0.0009940000000000226,0.0002452142857142831,0.00036478571428571235,0.6722146074016021,40.19906323185
12/12/2021,4:00PM,0.169153,0.0021190000000000098,0.0,0.0003965714285714267,0.0003182857142857134,1.2459605026929959,55.475619504396434
12/12/2021,5:00PM,0.171242,0.0020890000000000075,0.0,0.000545785714285713,0.000300142857142856,1.8184198000951954,64.51912522164994
12/12/2021,6:00PM,0.171035,0.0,-0.00020700000000001273,0.0005270714285714283,0.00031492857142857115,1.6736221365388984,62.59755683746184
12/12/2021,7:00PM,0.170418,0.0,-0.0006170000000000064,0.0005270714285714283,0.0002950000000000016,1.7866828087166964,64.1150404031626
12/12/2021,8:00PM,0.171413,0.0009950000000000236,0.0,0.0005862142857142871,0.0002950000000000016,1.9871670702179118,66.52346599659555
12/12/2021,9:00PM,0.170449,0.0,-0.0009640000000000204,0.0004925714285714315,0.0003638571428571459,1.3537495092265377,57.51459549624682
12/12/2021,10:00PM,0.17085,0.00040100000000001246,0.0,0.0005212142857142896,0.00033950000000000446,1.535240900483896,60.55601659751024
12/12/2021,11:00PM,0.169732,0.0,-0.0011180000000000079,0.0005212142857142896,0.0003498571428571478,1.4897917517353922,59.83599835998344
12/13/2021,12:00AM,0.168584,0.0,-0.0011479999999999824,0.0005212142857142896,0.00037850000000000383,1.377052274013961,57.9310892346776
12/13/2021,1:00AM,0.164552,0.0,-0.004032000000000008,0.0005096428571428613,0.0006665000000000044,0.764655449576681,43.33171383456824
12/13/2021,2:00AM,0.165174,0.0006219999999999837,0.0,0.0004962142857142883,0.0006665000000000044,0.7445075554602926,42.67723307531634
12/13/2021,3:00AM,0.165216,4.200000000001425e-05,0.0,0.0004992142857142894,0.0006485714285714329,0.7697136563876656,43.4936834899496
12/13/2021,4:00AM,0.166013,0.0007969999999999922,0.0,0.0005107857142857176,0.0006485714285714329,0.787555066079295,44.057667426529484
12/13/2021,5:00AM,0.166425,0.0004119999999999957,0.0,0.0005340714285714314,0.0006485714285714329,0.8234581497797345,45.15914718850029
12/13/2021,6:00AM,0.164755,0.0,-0.001669999999999977,0.0005340714285714314,0.0006968571428571439,0.7664001640016429,43.387686415598075
12/13/2021,7:00AM,0.164282,0.0,-0.0004730000000000012,0.0003827142857142878,0.0007306428571428583,0.523804868511098,34.37479951241427
12/13/2021,8:00AM,0.164969,0.0006869999999999932,0.0,0.00028257142857142966,0.0007306428571428583,0.38674357219669653,27.88861473387385
12/13/2021,9:00AM,0.164459,0.0,-0.0005100000000000104,0.00028257142857142966,0.0007522857142857152,0.3756171667299668,27.305356156819485
12/13/2021,10:00AM,0.164626,0.00016700000000000048,0.0,0.0002945000000000011,0.0007082142857142862,0.4158345940494213,29.3702806667617
12/13/2021,11:00AM,0.165072,0.00044600000000000195,0.0,0.00025528571428571386,0.0007082142857142862,0.36046394351991845,26.49566313292307
12/13/2021,12:00PM,0.163913,0.0,-0.0011589999999999934,0.00025528571428571386,0.0007221428571428558,0.35351137487636014,26.118094124525
12/13/2021,1:00PM,0.163631,0.0,-0.00028200000000000447,0.00022664285714285581,0.0007422857142857132,0.30533102386450983,23.391079985256084
12/13/2021,2:00PM,0.161333,0.0,-0.0022979999999999945,0.00022664285714285581,0.0008265714285714265,0.2741963359834073,21.519159036961625
12/13/2021,3:00PM,0.158114,0.0,-0.0032189999999999996,0.00022664285714285581,0.0009744999999999991,0.23257348090595795,18.86893434823969
12/13/2021,4:00PM,0.158419,0.0003049999999999997,0.0,0.00024842857142857007,0.0006864999999999986,0.3618770159192579,26.57193062877218
12/13/2021,5:00PM,0.159698,0.0012790000000000024,0.0,0.00029535714285714283,0.0006864999999999986,0.4302361877015927,30.081478248217707
12/13/2021,6:00PM,0.158347,0.0,-0.0013510000000000189,0.00029235714285714184,0.000783,0.3733807699324928,27.1869810694121
12/13/2021,7:00PM,0.154926,0.0,-0.0034209999999999796,0.00023542857142857095,0.0010273571428571413,0.2291594243203781,18.643588438260068
12/13/2021,8:00PM,0.155567,0.0006410000000000027,0.0,0.0002517857142857143,0.0010273571428571413,0.24508099840089034,19.683940138485625
12/13/2021,9:00PM,0.156938,0.0013709999999999833,0.0,0.0003497142857142845,0.0009080714285714288,0.38511759616140817,27.803963882105663
12/13/2021,10:00PM,0.159281,0.0023430000000000117,0.0,0.0005170714285714283,0.0008742857142857144,0.5914215686274505,37.16309872170027
12/13/2021,11:00PM,0.157264,0.0,-0.0020170000000000188,0.00046800000000000015,0.0010183571428571442,0.45956372308339716,31.486376087269903
12/14/2021,12:00AM,0.158841,0.0015770000000000228,0.0,0.0005806428571428589,0.0009819285714285722,0.5913290172401264,37.159444139696525
12/14/2021,1:00AM,0.157199,0.0,-0.0016420000000000046,0.0005687142857142875,0.0010992142857142867,0.5173825459743985,34.09704081195672
12/14/2021,2:00AM,0.157523,0.00032399999999999096,0.0,0.0005600000000000009,0.0010992142857142867,0.509454805380467,33.75091480476992
12/14/2021,3:00AM,0.157676,0.00015300000000001424,0.0,0.0005709285714285735,0.0010164285714285729,0.561700632466621,35.967241146559914
12/14/2021,4:00AM,0.157076,0.0,-0.0006000000000000172,0.0005709285714285735,0.0010391428571428596,0.5494226010448179,35.45982875648821
12/14/2021,5:00AM,0.15681,0.0,-0.00026599999999998847,0.0005709285714285735,0.0008940000000000019,0.6386225631192084,38.97313374616026
12/14/2021,6:00AM,0.157137,0.00032699999999999396,0.0,0.0005942857142857158,0.0006640714285714305,0.8949123373131114,47.22711017766929
12/14/2021,7:00AM,0.157324,0.00018699999999999273,0.0,0.0005858571428571439,0.0006640714285714305,0.8822200709906411,46.87124978570201
12/14/2021,8:00AM,0.16094,0.003616000000000008,0.0,0.0007527857142857157,0.0006640714285714305,1.1335914811229417,53.13067150635206
12/14/2021,9:00AM,0.158608,0.0,-0.0023320000000000007,0.0007527857142857157,0.0007341428571428578,1.0253940455341517,50.626891482922645
12/14/2021,10:00AM,0.187891,0.029283000000000003,0.0,0.0028444285714285733,0.0004897857142857164,5.807495989499761,85.31031084641911
12/14/2021,11:00AM,0.210889,0.02299799999999999,0.0,0.004441357142857144,0.0004897857142857164,9.067959749161403,90.06750101396369
12/14/2021,12:00PM,0.202343,0.0,-0.008545999999999998,0.004343428571428574,0.0011002142857142877,3.947802376160483,79.78900683628345
12/14/2021,1:00PM,0.198626,0.0,-0.003716999999999998,0.00417607142857143,0.0013657142857142876,3.0577928870292856,75.35606109428367
12/14/2021,2:00PM,0.192239,0.0,-0.006387000000000004,0.00417607142857143,0.0016778571428571437,2.4889314601958277,71.33792935147336
12/14/2021,3:00PM,0.188599,0.0,-0.0036400000000000043,0.004063428571428571,0.001937857142857144,2.0968669369701423,67.70930038801208
12/14/2021,4:00PM,0.191596,0.0029969999999999997,0.0,0.004277499999999999,0.0018205714285714294,2.3495370370370354,70.14512785072563
12/14/2021,5:00PM,0.18656,0.0,-0.005035999999999985,0.004254357142857143,0.002180285714285714,1.951284235355786,66.11644557917523
12/14/2021,6:00PM,0.179368,0.0,-0.007192000000000004,0.004243428571428571,0.0026939999999999998,1.5751405239155796,61.16716774432684
12/14/2021,7:00PM,0.179935,0.0005670000000000119,0.0,0.004283928571428571,0.002651142857142856,1.615879943959479,61.7719459064177
12/14/2021,8:00PM,0.184421,0.00448599999999999,0.0,0.004604357142857142,0.0026321428571428568,1.7492808683853458,63.62685197066458
12/14/2021,9:00PM,0.186982,0.0025610000000000077,0.0,0.004763928571428572,0.0026321428571428568,1.809905020352782,64.41160847940509
12/14/2021,10:00PM,0.186981,0.0,-1.000000000001e-06,0.0047505714285714295,0.0026322142857142855,1.8047814170578822,64.34659778055129
12/14/2021,11:00PM,0.190752,0.0037709999999999966,0.0,0.0047616428571428575,0.0026322142857142855,1.8089875444357009,64.3999845431536
12/15/2021,12:00AM,0.181343,0.0,-0.009409,0.0047616428571428575,0.0031377142857142853,1.5175514478237118,60.278865368791315
12/15/2021,1:00AM,0.182974,0.0016309999999999936,0.0,0.0027864999999999995,0.0031377142857142853,0.8880668366417774,47.03577327915697
12/15/2021,2:00AM,0.181804,0.0,-0.0011700000000000044,0.0011437857142857142,0.0032212857142857143,0.3550711783227637,26.203138551161004
12/15/2021,3:00AM,0.183615,0.001811000000000007,0.0,0.0012731428571428577,0.002610857142857143,0.48763405559203343,32.77916727968223
12/15/2021,4:00AM,0.180653,0.0,-0.0029619999999999924,0.0012731428571428577,0.002556928571428571,0.4979188200128505,33.240707931593974
12/15/2021,5:00AM,0.179144,0.0,-0.0015090000000000103,0.0012731428571428577,0.0022085,0.5764740127429738,36.567301971565165
12/15/2021,6:00AM,0.178983,0.0,-0.00016099999999999448,0.0012731428571428577,0.0019599999999999995,0.6495626822157439,39.377872039589974
12/15/2021,7:00AM,0.180989,0.0020060000000000078,0.0,0.001202357142857144,0.0019599999999999995,0.6134475218658899,38.020915682244286
12/15/2021,8:00AM,0.181713,0.0007240000000000024,0.0,0.0012540714285714297,0.001600285714285715,0.7836547045170509,43.9353369535297
12/15/2021,9:00AM,0.181286,0.0,-0.0004270000000000107,0.0012540714285714297,0.0011170714285714295,1.1226421126670505,52.888902277382826
12/15/2021,10:00AM,0.180196,0.0,-0.0010900000000000076,0.0012135714285714289,0.001194928571428573,1.015601649829636,50.387022153681876
12/15/2021,11:00AM,0.179289,0.0,-0.0009069999999999911,0.0008931428571428582,0.0012597142857142865,0.7090043093672038,41.48639681486398
12/15/2021,12:00PM,0.175803,0.0,-0.003486000000000017,0.0007102142857142862,0.001508714285714288,0.4707414070637247,32.00708192499597
12/15/2021,1:00PM,0.176995,0.0011920000000000264,0.0,0.0007953571428571453,0.0015086428571428592,0.52720041664694,34.520709325396865
12/15/2021,2:00PM,0.175764,0.0,-0.0012310000000000099,0.0005260000000000027,0.0015965714285714314,0.3294559770937735,24.78126261946433
12/15/2021,3:00PM,0.170774,0.0,-0.0049899999999999944,0.0005260000000000027,0.0012809285714285737,0.4106396029665993,29.110171166541562
12/15/2021,4:00PM,0.174334,0.00355999999999998,0.0,0.0006637857142857159,0.0012809285714285737,0.5182066581163223,34.13281422169986
12/15/2021,5:00PM,0.174869,0.0005350000000000077,0.0,0.0007020000000000022,0.0011973571428571448,0.5862912366521514,36.95987364145767
12/15/2021,6:00PM,0.1773,0.0024310000000000165,0.0,0.0007462857142857172,0.0011973571428571448,0.6232774563025726,38.39623681599358
12/15/2021,7:00PM,0.18254,0.005239999999999995,0.0,0.001120571428571431,0.0009857857142857168,1.1367292225201069,53.199498117942284
12/15/2021,8:00PM,0.181995,0.0,-0.0005450000000000177,0.001120571428571431,0.0009169285714285745,1.2220923891875035,54.99737072743205
12/15/2021,9:00PM,0.18155,0.0,-0.00044500000000000095,0.001120571428571431,0.0009372142857142893,1.1956405761755946,54.455204970668845
12/15/2021,10:00PM,0.17958,0.0,-0.0019699999999999995,0.0009772857142857163,0.001077928571428575,0.9066330925717304,47.55152399819272
12/15/2021,11:00PM,0.180995,0.0014149999999999996,0.0,0.001026642857142859,0.001077928571428575,0.9524219733616048,48.78156394243819
12/16/2021,12:00AM,0.18185,0.0008550000000000224,0.0,0.001087714285714289,0.0010474285714285742,1.038461538461539,50.94339622641511
12/16/2021,1:00AM,0.181545,0.0,-0.0003049999999999997,0.001087714285714289,0.000991357142857145,1.0971972044095406,52.31731198680732
12/16/2021,2:00AM,0.18187,0.00032499999999999196,0.0,0.0011109285714285741,0.0009265714285714313,1.198967005858772,54.52410166520594
12/16/2021,3:00AM,0.18117,0.0,-0.0007000000000000062,0.0011109285714285741,0.0007275714285714306,1.526899666208521,60.425812968646795
12/16/2021,4:00AM,0.17932,0.0,-0.0018499999999999905,0.0010257857142857152,0.0008597142857142871,1.193170488534396,54.403909535174435
12/16/2021,5:00AM,0.178825,0.0,-0.0004949999999999954,0.0010257857142857152,0.0008071428571428575,1.2708849557522128,55.9643038073341
12/16/2021,6:00AM,0.179495,0.0006699999999999762,0.0,0.0010736428571428563,0.00045071428571428644,2.3820919175911195,70.43250082001776
12/16/2021,7:00AM,0.18076,0.0012650000000000161,0.0,0.0009097142857142875,0.00045071428571428644,2.0183835182250403,66.86968392313346
12/16/2021,8:00AM,0.17997,0.0,-0.0007900000000000129,0.0008715000000000013,0.0005071428571428588,1.7184507042253492,63.21434122584318
12/16/2021,9:00AM,0.180845,0.0008750000000000147,0.0,0.000760357142857144,0.0005071428571428588,1.4992957746478848,59.9887292194984
12/16/2021,10:00AM,0.18302,0.0021749999999999825,0.0,0.0005414285714285717,0.0005071428571428588,1.067605633802814,51.63487738419612
12/16/2021,11:00AM,0.182705,0.0,-0.00031499999999998196,0.0005414285714285717,0.0004907142857142848,1.103347889374093,52.45674740484435
12/16/2021,12:00PM,0.18005,0.0,-0.0026550000000000185,0.0005414285714285717,0.0006485714285714289,0.8348017621145375,45.49819927971188
12/16/2021,1:00PM,0.18135,0.0013000000000000234,0.0,0.0006342857142857162,0.0005078571428571432,1.2489451476793278,55.53470919324584
12/16/2021,2:00PM,0.17963,0.0,-0.0017199999999999993,0.0005332142857142877,0.000630714285714286,0.8454133635334116,45.81159864989269
12/16/2021,3:00PM,0.17972,8.999999999997899e-05,0.0,0.00047857142857142743,0.000630714285714286,0.7587768969422403,43.14230521571145
12/16/2021,4:00PM,0.17861,0.0,-0.0011099999999999999,0.00047857142857142743,0.000688214285714286,0.6953814218993234,41.01622283440458
12/16/2021,5:00PM,0.17672,0.0,-0.0018900000000000028,0.0004553571428571423,0.0008232142857142863,0.5531453362255955,35.614525139664764
12/16/2021,6:00PM,0.17694,0.00021999999999999797,0.0,0.00047107142857142785,0.0007732142857142858,0.6092378752886826,37.8587830080367
12/16/2021,7:00PM,0.17458,0.0,-0.0023599999999999732,0.00047107142857142785,0.000809642857142856,0.5818262020291133,36.781929726715006
12/16/2021,8:00PM,0.174845,0.00026499999999998747,0.0,0.0004899999999999984,0.0007742857142857135,0.6328413284132827,38.75706214689261
12/16/2021,9:00PM,0.176155,0.0013100000000000056,0.0,0.0005357142857142862,0.0007742857142857135,0.6918819188191895,40.89422028353331
12/16/2021,10:00PM,0.17564,0.0,-0.0005150000000000154,0.0004453571428571422,0.0008110714285714289,0.5490973139586075,35.44627629334845
12/16/2021,11:00PM,0.173295,0.0,-0.002344999999999986,0.0004453571428571422,0.0009221428571428555,0.48295894655305976,32.5672499347088
12/17/2021,12:00AM,0.174815,0.0015199999999999936,0.0,0.0004914285714285692,0.0009221428571428555,0.5329202168861333,34.76503284487109
12/17/2021,1:00AM,0.17489,7.499999999999174e-05,0.0,0.0003414285714285699,0.0009221428571428555,0.3702556158017031,27.02091577162234
12/17/2021,2:00AM,0.175105,0.00021500000000002073,0.0,0.00035678571428571427,0.0008996428571428568,0.39658594680428755,28.396816372939185
12/17/2021,3:00AM,0.17517,6.499999999998174e-05,0.0,0.0003614285714285701,0.0007099999999999983,0.5090543259557337,33.733333333333306
12/17/2021,4:00AM,0.1757,0.0005300000000000027,0.0,0.0003064285714285686,0.0007099999999999983,0.4315895372233371,30.14757554462389
12/17/2021,5:00AM,0.175335,0.0,-0.0003650000000000042,0.0003064285714285686,0.0006132142857142844,0.4997087944088491,33.3203883495144
12/17/2021,6:00AM,0.17579,0.00045500000000001095,0.0,0.00033249999999999946,0.0006132142857142844,0.542224810716366,35.15861027190334
12/17/2021,7:00AM,0.172615,0.0,-0.003175000000000011,0.00033249999999999946,0.0007607142857142852,0.4370892018779338,30.414897092453415
12/17/2021,8:00AM,0.173325,0.0007100000000000162,0.0,0.0003832142857142863,0.000625714285714285,0.6124429223744309,37.98230088495581
12/17/2021,9:00AM,0.173335,9.999999999982245e-06,0.0,0.0003682142857142852,0.000625714285714285,0.5884703196347031,37.04635285662954
12/17/2021,10:00AM,0.17117,0.0,-0.0021650000000000003,0.0003682142857142852,0.0006117857142857155,0.6018680677174527,37.57288629737601
12/17/2021,11:00AM,0.16968,0.0,-0.0014899999999999913,0.0003492857142857147,0.0007182142857142863,0.4863252113376431,32.719973235195724
12/17/2021,12:00PM,0.17002,0.00034000000000000696,0.0,0.00028000000000000046,0.0007182142857142863,0.3898557931377427,28.05008944543829
12/17/2021,1:00PM,0.16942,0.0,-0.0006000000000000172,0.00028000000000000046,0.000724285714285715,0.38658777120315607,27.880512091038412
12/17/2021,2:00PM,0.164635,0.0,-0.004784999999999984,0.00028000000000000046,0.0008985714285714291,0.3116057233704296,23.757575757575765
12/17/2021,3:00PM,0.16856,0.003924999999999984,0.0,0.0004517857142857141,0.0008985714285714291,0.502782193958664,33.45675747156835
12/17/2021,4:00PM,0.171725,0.003165000000000001,0.0,0.0006725000000000005,0.0008985714285714291,0.7484101748807631,42.80518299613548
12/17/2021,5:00PM,0.16939,0.0,-0.002334999999999976,0.0006571428571428561,0.0010653571428571418,0.6168286959436805,38.150528716566434
12/17/2021,6:00PM,0.170535,0.0011449999999999794,0.0,0.0007342857142857131,0.0010653571428571418,0.6892390211196778,40.80174637824964
12/17/2021,7:00PM,0.16962,0.0,-0.0009149999999999991,0.0006964285714285701,0.0011307142857142846,0.6159191408717619,38.1157154026583
12/17/2021,8:00PM,0.167675,0.0,-0.0019450000000000023,0.0006964285714285701,0.0012435714285714272,0.5600229753015503,35.898379970544894
12/17/2021,9:00PM,0.16995,0.0022749999999999992,0.0,0.0008264285714285692,0.0012435714285714272,0.6645605973578392,39.92408557625945
12/17/2021,10:00PM,0.170085,0.00013499999999999623,0.0,0.0008360714285714261,0.001016785714285712,0.8222690551457669,45.123361603700836
12/17/2021,11:00PM,0.168635,0.0,-0.001449999999999979,0.0007853571428571392,0.0011203571428571393,0.7009882052916789,41.210644677661136
12/18/2021,12:00AM,0.16931,0.0006749999999999812,0.0,0.0008328571428571392,0.0011203571428571393,0.7433854000637543,42.640336441762635
12/18/2021,1:00AM,0.167085,0.0,-0.002224999999999977,0.0008328571428571392,0.0011246428571428518,0.7405525563671009,42.54698047801497
12/18/2021,2:00AM,0.167435,0.0003499999999999892,0.0,0.0008578571428571384,0.001018214285714281,0.8425113995089438,45.72625166571481
12/18/2021,3:00AM,0.16967,0.002234999999999987,0.0,0.0009932142857142798,0.001018214285714281,0.9754472115047339,49.378551136363605
12/18/2021,4:00AM,0.171575,0.0019050000000000178,0.0,0.0011292857142857096,0.000975357142857137,1.1578176492127448,53.65688104530803
12/18/2021,5:00AM,0.171375,0.0,-0.00020000000000000573,0.0011292857142857096,0.0006478571428571385,1.7431091510474135,63.54501607717047
12/18/2021,6:00AM,0.17077,0.0,-0.0006049999999999944,0.000848928571428568,0.0006910714285714238,1.2284237726098226,55.12523191094627
12/18/2021,7:00AM,0.17118,0.0004099999999999937,0.0,0.0006521428571428531,0.0006910714285714238,0.9436692506459955,48.550917309226286
12/18/2021,8:00AM,0.171145,0.0,-3.500000000000725e-05,0.0006521428571428531,0.0005267857142857117,1.2379661016949135,55.31657073614053
12/18/2021,9:00AM,0.172765,0.0016200000000000103,0.0,0.0006860714285714267,0.0005267857142857117,1.302372881355935,56.56654888103657
12/18/2021,10:00AM,0.17413,0.001365000000000005,0.0,0.0007835714285714271,0.00046142857142856896,1.698142414860687,62.9374641422835
12/18/2021,11:00AM,0.172685,0.0,-0.0014450000000000018,0.0007835714285714271,0.00042571428571428323,1.840604026845645,64.79621972829307
12/18/2021,12:00PM,0.17281,0.00012499999999998623,0.0,0.0006299999999999976,0.00042571428571428323,1.4798657718120836,59.67523680649531
12/18/2021,1:00PM,0.17106,0.0,-0.0017500000000000016,0.0006203571428571407,0.0005507142857142834,1.1264591439688725,52.973467520585565
12/18/2021,2:00PM,0.172805,0.0017449999999999966,0.0,0.0007449999999999976,0.0004471428571428563,1.6661341853035123,62.49251048532052
12/18/2021,3:00PM,0.172375,0.0,-0.00042999999999998595,0.0006967857142857133,0.000477857142857141,1.458146487294473,59.31894192763764
12/18/2021,4:00PM,0.171735,0.0,-0.0006400000000000017,0.0006967857142857133,0.00036464285714285705,1.9108716944172357,65.64602960969043
12/18/2021,5:00PM,0.171475,0.0,-0.0002600000000000102,0.0006717857142857141,0.0003832142857142863,1.753028890959922,63.67637102234254
12/18/2021,6:00PM,0.17263,0.0011550000000000171,0.0,0.000594642857142859,0.0003832142857142863,1.551724137931037,60.81081081081085
12/18/2021,7:00PM,0.172335,0.0,-0.00029500000000001747,0.0004585714285714292,0.00040428571428571613,1.1342756183745548,53.145695364238335
12/18/2021,8:00PM,0.17206,0.0,-0.00027499999999999747,0.0004585714285714292,0.0004096428571428584,1.1194420226678272,52.81777046482924
12/18/2021,9:00PM,0.172795,0.0007350000000000134,0.0,0.0005110714285714302,0.0003664285714285731,1.394736842105261,58.241758241758205
12/18/2021,10:00PM,0.172465,0.0,-0.00032999999999999696,0.00048178571428571633,0.00039000000000000146,1.235347985347986,55.264235968865236
12/18/2021,11:00PM,0.17238,0.0,-8.500000000000174e-05,0.00048178571428571633,0.00039357142857142965,1.2241379310344846,55.03875968992252
12/19/2021,12:00AM,0.171235,0.0,-0.0011450000000000071,0.0003660714285714299,0.00047535714285714444,0.7700976709241174,43.50594227504245
12/19/2021,1:00AM,0.170725,0.0,-0.0005100000000000104,0.00026857142857142954,0.0005117857142857166,0.524773203070481,34.41647597254003
12/19/2021,2:00AM,0.172015,0.0012900000000000134,0.0,0.0003607142857142876,0.0004085714285714308,0.8828671328671328,46.88950789229341
12/19/2021,3:00AM,0.172625,0.0006099999999999994,0.0,0.0003953571428571457,0.0004085714285714308,0.9676573426573444,49.17814304753447
12/19/2021,4:00AM,0.17369,0.0010650000000000104,0.0,0.000471428571428575,0.00028357142857143066,1.6624685138539046,62.440870387890264
12/19/2021,5:00AM,0.17265,0.0,-0.0010400000000000131,0.00034678571428571815,0.00035785714285714587,0.9690618762475076,49.214394323365504
12/19/2021,6:00AM,0.17253,0.0,-0.00012000000000000899,0.00034678571428571815,0.00033571428571429037,1.0329787234042525,50.81109366823646
12/19/2021,7:00AM,0.173555,0.0010249999999999981,0.0,0.0004200000000000037,0.00029000000000000456,1.4482758620689555,59.15492957746462
12/19/2021,8:00AM,0.1729,0.0,-0.0006549999999999889,0.0004200000000000037,0.00031821428571428875,1.319865319865319,56.89404934687952
12/19/2021,9:00AM,0.171935,0.0,-0.0009649999999999936,0.00033750000000000246,0.0003871428571428597,0.8717712177121777,46.574667323804846
12/19/2021,10:00AM,0.171305,0.0,-0.0006299999999999917,0.00033750000000000246,0.0004110714285714293,0.8210251954821939,45.08587786259555
12/19/2021,11:00AM,0.171255,0.0,-5.000000000002225e-05,0.00033750000000000246,0.0003950000000000025,0.8544303797468362,46.075085324232106
12/19/2021,12:00PM,0.171655,0.00040000000000001146,0.0,0.0003135714285714309,0.0003950000000000025,0.7938517179023517,44.25403225806454
12/19/2021,1:00PM,0.172425,0.0007699999999999929,0.0,0.0003685714285714304,0.00037142857142857415,0.99230769230769,49.80694980694975
12/19/2021,2:00PM,0.172035,0.0,-0.00039000000000000146,0.0003685714285714304,0.0003932142857142884,0.9373297002724778,48.38255977496479
12/19/2021,3:00PM,0.171525,0.0,-0.0005099999999999827,0.0003685714285714304,0.0003478571428571438,1.0595482546201256,51.44566301096715
12/19/2021,4:00PM,0.171175,0.0,-0.00035000000000001696,0.0003685714285714304,0.00033642857142857286,1.0955414012738862,52.279635258358674
12/19/2021,5:00PM,0.1719,0.0007250000000000034,0.0,0.0003282142857142868,0.00033642857142857286,0.9755838641188951,49.382052659860264
12/19/2021,6:00PM,0.17174,0.0,-0.00015999999999999348,0.0002846428571428583,0.0003478571428571438,0.818275154004108,45.00282326369287
12/19/2021,7:00PM,0.17037,0.0,-0.00137000000000001,0.000208571428571429,0.0004457142857142874,0.4679487179487171,31.87772925764189
12/19/2021,8:00PM,0.17008,0.0,-0.0002899999999999847,0.000208571428571429,0.0003921428571428568,0.531876138433517,34.720570749108276
12/19/2021,9:00PM,0.16982,0.0,-0.0002600000000000102,0.000208571428571429,0.0004021428571428569,0.5186500888099481,34.15204678362579
12/19/2021,10:00PM,0.170815,0.0009949999999999959,0.0,0.00020642857142857168,0.0004021428571428569,0.5133214920071058,33.92018779342726
12/19/2021,11:00PM,0.169535,0.0,-0.0012800000000000034,0.00020642857142857168,0.00044678571428571505,0.4620303756994402,31.60196828868233
12/20/2021,12:00AM,0.17016,0.0006250000000000144,0.0,0.00025107142857142987,0.0003778571428571441,0.6644612476370523,39.920499716070466
12/20/2021,1:00AM,0.16966,0.0,-0.0005000000000000004,0.00025107142857142987,0.0003685714285714304,0.681201550387597,40.518731988472624
12/20/2021,2:00AM,0.16994,0.00028000000000000247,0.0,0.00027107142857143003,0.00036500000000000025,0.7426614481409037,42.616507580011344
12/20/2021,3:00AM,0.169885,0.0,-5.4999999999999494e-05,0.00024250000000000066,0.00036892857142857165,0.6573088092933218,39.66121495327108
12/20/2021,4:00AM,0.17032,0.00043499999999999095,0.0,0.00021857142857142908,0.00036892857142857165,0.5924491771539216,37.20364741641341
12/20/2021,5:00AM,0.16673,0.0,-0.00359000000000001,0.00021857142857142908,0.0005975000000000008,0.3658099222952783,26.78336980306348
12/20/2021,6:00AM,0.167125,0.00039500000000000646,0.0,0.0002467857142857153,0.0005610714285714306,0.4398472310630173,30.54818744473917
12/20/2021,7:00AM,0.166505,0.0,-0.0006200000000000094,0.0002467857142857153,0.0005803571428571444,0.4252307692307698,29.835924006908485
12/20/2021,8:00AM,0.16609,0.0,-0.0004149999999999987,0.00019500000000000073,0.0006100000000000014,0.31967213114754145,24.22360248447208
12/20/2021,9:00AM,0.16196,0.0,-0.004129999999999995,0.00019500000000000073,0.0008935714285714301,0.21822541966426903,17.913385826771687
12/20/2021,10:00AM,0.1633,0.0013400000000000079,0.0,0.000290714285714287,0.0007957142857142865,0.36535008976660804,26.758711374096052
12/20/2021,11:00AM,0.164405,0.0011049999999999949,0.0,0.00036964285714285804,0.0007750000000000019,0.4769585253456221,32.29329173166927
12/20/2021,12:00PM,0.16282,0.0,-0.001585000000000003,0.00036964285714285804,0.0008696428571428585,0.4250513347022591,29.827089337175806
12/20/2021,1:00PM,0.1628,0.0,-1.9999999999992246e-05,0.0002985714285714298,0.0008710714285714294,0.3427634276342774,25.52671755725197
12/20/2021,2:00PM,0.164145,0.0013450000000000129,0.0,0.0003946428571428593,0.0007796428571428578,0.5061841502519492,33.60705596107067
12/20/2021,3:00PM,0.16245,0.0,-0.001695000000000002,0.0003500000000000011,0.0009007142857142865,0.3885804916732761,27.98400913763568
12/20/2021,4:00PM,0.164255,0.001805000000000001,0.0,0.0004789285714285726,0.0008650000000000006,0.5536746490503726,35.63646027106036
12/20/2021,5:00PM,0.163485,0.0,-0.0007700000000000207,0.0004589285714285724,0.0009200000000000022,0.498835403726708,33.28153328153327
12/20/2021,6:00PM,0.164355,0.0008700000000000097,0.0,0.0005210714285714303,0.0009160714285714308,0.5688109161793378,36.257455268389684
12/20/2021,7:00PM,0.16734,0.0029849999999999877,0.0,0.0007032142857142872,0.0009160714285714308,0.7676413255360621,43.42743714159682
12/20/2021,8:00PM,0.16826,0.0009200000000000041,0.0,0.0007689285714285732,0.0006596428571428586,1.1656740660530591,53.825
12/20/2021,9:00PM,0.16743,0.0,-0.0008299999999999974,0.000740714285714287,0.0007189285714285727,1.0303030303030303,50.74626865671642
12/20/2021,10:00PM,0.1659,0.0,-0.0015300000000000036,0.000740714285714287,0.0007839285714285724,0.9448747152619595,48.58280627781683
12/20/2021,11:00PM,0.167455,0.0015550000000000008,0.0,0.0008517857142857156,0.0007542857142857153,1.129261363636364,53.035356904603084
12/21/2021,12:00AM,0.166835,0.0,-0.0006199999999999817,0.0008517857142857156,0.0005035714285714286,1.69148936170213,62.845849802371575
12/21/2021,1:00AM,0.166745,0.0,-9.000000000000674e-05,0.0007560714285714294,0.0005100000000000006,1.4824929971988796,59.7179125528914
12/21/2021,2:00AM,0.16723,0.00048499999999998544,0.0,0.0007117857142857144,0.0005100000000000006,1.3956582633053207,58.257819351066914
12/21/2021,3:00AM,0.16988,0.0026500000000000135,0.0,0.0009010714285714297,0.0003967857142857146,2.270927092709272,69.42762795817282
12/21/2021,4:00AM,0.16957,0.0,-0.0003100000000000047,0.0009010714285714297,0.0004175000000000012,2.1582549187339573,68.33694474539541
12/21/2021,5:00AM,0.17061,0.0010400000000000131,0.0,0.0008792857142857154,0.0004175000000000012,2.106073567151408,67.80501239328005
12/21/2021,6:00AM,0.17044,0.0,-0.00017000000000000348,0.0008792857142857154,0.00030857142857142986,2.8495370370370288,74.02285027059526
12/21/2021,7:00AM,0.16982,0.0,-0.0006200000000000094,0.0007503571428571439,0.00035285714285714483,2.1265182186234726,68.01553900938805
12/21/2021,8:00AM,0.170365,0.0005449999999999899,0.0,0.0007892857142857146,0.0002978571428571434,2.649880095923258,72.60183968462547
12/21/2021,9:00AM,0.170665,0.00030000000000002247,0.0,0.0007485714285714298,0.0002978571428571434,2.513189448441247,71.53583617747441
12/21/2021,10:00AM,0.17026,0.0,-0.00040500000000001646,0.0005353571428571449,0.000326785714285716,1.6382513661202165,62.09610604805299
12/21/2021,11:00AM,0.170515,0.0002550000000000052,0.0,0.000487857142857145,0.000326785714285716,1.4928961748633869,59.886014905743075
12/21/2021,12:00PM,0.170615,9.999999999998899e-05,0.0,0.0004950000000000014,0.00026750000000000184,1.8504672897196186,64.91803278688516
12/21/2021,1:00PM,0.171015,0.00040000000000001146,0.0,0.0005235714285714308,0.00015821428571428733,3.309255079006752,76.79413305395484
12/21/2021,2:00PM,0.16954,0.0,-0.001475000000000004,0.00041250000000000217,0.00026357142857143045,1.565040650406501,61.014263074484894
12/21/2021,3:00PM,0.168795,0.0,-0.0007449999999999957,0.00041250000000000217,0.0002725000000000029,1.5137614678899003,60.21897810218965
12/21/2021,4:00PM,0.169625,0.0008299999999999974,0.0,0.00047178571428571625,0.000266071428571431,1.7731543624160986,63.93998063891567
12/21/2021,5:00PM,0.16952,0.0,-0.00010499999999999399,0.00043714285714286017,0.0002735714285714306,1.5979112271540463,61.507537688442206
12/21/2021,6:00PM,0.16942,0.0,-0.00010000000000001674,0.0002478571428571449,0.0002807142857142889,0.8829516539440174,46.89189189189181
12/21/2021,7:00PM,0.16991,0.0004900000000000182,0.0,0.0002828571428571462,0.0002585714285714314,1.0939226519337026,52.24274406332456
12/21/2021,8:00PM,0.16979,0.0,-0.00012000000000000899,0.00020857142857143098,0.00026714285714286065,0.7807486631016031,43.8438438438438
12/21/2021,9:00PM,0.17139,0.0015999999999999903,0.0,0.0003228571428571446,0.0002550000000000032,1.2661064425770217,55.871446229913296
12/21/2021,10:00PM,0.171815,0.0004250000000000087,0.0,0.000353214285714288,0.00021071428571428828,1.6762711864406685,62.63457884737162
12/21/2021,11:00PM,0.171035,0.0,-0.0007800000000000029,0.00031428571428571736,0.0002664285714285742,1.1796246648793558,54.12054120541203
12/22/2021,12:00AM,0.17001,0.0,-0.0010249999999999981,0.0002928571428571443,0.0003396428571428598,0.8622502628811751,46.30152456239405
12/22/2021,1:00AM,0.17072,0.0007100000000000162,0.0,0.0003435714285714312,0.00031071428571428716,1.1057471264367849,52.510917030567754
12/22/2021,2:00AM,0.171795,0.0010749999999999926,0.0,0.00040214285714285883,0.00031071428571428716,1.2942528735632177,56.41282565130259
12/22/2021,3:00AM,0.17234,0.0005449999999999899,0.0,0.0004339285714285732,0.00031071428571428716,1.3965517241379304,58.27338129496402
12/22/2021,4:00AM,0.173035,0.0006950000000000012,0.0,0.00045500000000000103,0.00031071428571428716,1.4643678160919504,59.42164179104472
12/22/2021,5:00AM,0.17234,0.0,-0.0006950000000000012,0.00045500000000000103,0.00025500000000000127,1.7843137254901913,64.08450704225346
12/22/2021,6:00AM,0.172195,0.0,-0.00014500000000000624,0.00045500000000000103,0.00021214285714285915,2.1447811447811294,68.20128479657372
12/22/2021,7:00AM,0.17224,4.500000000001725e-05,0.0,0.0003989285714285739,0.00021214285714285915,1.8804713804713744,65.28345996493272
12/22/2021,8:00AM,0.173365,0.0011249999999999871,0.0,0.00047928571428571584,0.0002046428571428596,2.342059336823714,70.07832898172305
12/22/2021,9:00AM,0.17202,0.0,-0.001344999999999985,0.00047928571428571584,0.00029357142857142874,1.6326034063260384,62.01478743068398
12/22/2021,10:00AM,0.172715,0.0006950000000000012,0.0,0.0004939285714285717,0.00029357142857142874,1.6824817518248174,62.72108843537415
12/22/2021,11:00AM,0.173345,0.0006299999999999917,0.0,0.0005389285714285712,0.00028499999999999955,1.8909774436090245,65.40962288686609
12/22/2021,12:00PM,0.17173,0.0,-0.0016150000000000053,0.00042464285714285754,0.0004003571428571428,1.0606601248884935,51.4718614718615
12/22/2021,1:00PM,0.172455,0.0007250000000000034,0.0,0.0004460714285714286,0.0004003571428571428,1.114183764495986,52.70042194092828
12/22/2021,2:00PM,0.174015,0.0015600000000000058,0.0,0.0005575000000000005,0.00034464285714285684,1.6176165803108837,61.79730799683298
12/22/2021,3:00PM,0.17639,0.0023749999999999882,0.0,0.0007271428571428568,0.0002714285714285713,2.6789473684210527,72.81831187410586
12/22/2021,4:00PM,0.175855,0.0,-0.0005349999999999799,0.0006764285714285699,0.00030964285714285555,2.1845444059976993,68.59833393697942
12/22/2021,5:00PM,0.17449,0.0,-0.001365000000000005,0.0005996428571428561,0.0004071428571428559,1.4728070175438615,59.56012770485991
12/22/2021,6:00PM,0.174305,0.0,-0.00018500000000001848,0.0005607142857142854,0.00042035714285714295,1.3338997451146972,57.15325809974515
12/22/2021,7:00PM,0.174475,0.00017000000000000348,0.0,0.0005232142857142856,0.00042035714285714295,1.244689889549702,55.45041635124904
12/22/2021,8:00PM,0.175605,0.0011300000000000199,0.0,0.0006039285714285727,0.00037071428571428574,1.62909441233141,61.96408941004036
12/22/2021,9:00PM,0.17575,0.00014499999999997848,0.0,0.000614285714285714,0.0003603571428571424,1.704658077304263,63.02674972517407
12/22/2021,10:00PM,0.174955,0.0,-0.0007949999999999902,0.0006110714285714271,0.000417142857142856,1.464897260273973,59.43035776311219
12/22/2021,11:00PM,0.17306,0.0,-0.0018950000000000078,0.0005307142857142852,0.0005524999999999994,0.9605688429217842,48.99439498846027
12/23/2021,12:00AM,0.172575,0.0,-0.00048499999999998544,0.0005307142857142852,0.0004910714285714281,1.0807272727272728,51.939881160433416
12/23/2021,1:00AM,0.173485,0.0009099999999999941,0.0,0.0005460714285714276,0.0004910714285714281,1.111999999999999,52.651515151515135
12/23/2021,2:00AM,0.17391,0.0004250000000000087,0.0,0.0005314285714285716,0.0004910714285714281,1.0821818181818197,51.97345441844222
12/23/2021,3:00AM,0.17467,0.0007599999999999829,0.0,0.0005857142857142847,0.0003757142857142848,1.5589353612167312,60.92124814264489
12/23/2021,4:00AM,0.17435,0.0,-0.00031999999999998696,0.0005339285714285701,0.0003985714285714267,1.339605734767028,57.257755649176616
12/23/2021,5:00AM,0.174475,0.00012499999999998623,0.0,0.0004314285714285687,0.0003985714285714267,1.0824372759856613,51.979345955249535
12/23/2021,6:00AM,0.17498,0.0005050000000000054,0.0,0.0002978571428571414,0.0003985714285714267,0.747311827956989,42.76923076923076
12/23/2021,7:00AM,0.178205,0.0032250000000000056,0.0,0.0005282142857142846,0.0003603571428571424,1.4658077304261634,59.44533762057876
12/23/2021,8:00AM,0.177155,0.0,-0.0010499999999999954,0.0005282142857142846,0.00033785714285714175,1.5634249471458792,60.98969072164952
12/23/2021,9:00AM,0.17679,0.0,-0.0003650000000000042,0.0005282142857142846,0.0003507142857142836,1.5061099796334074,60.09752133279165
12/23/2021,10:00AM,0.177195,0.0004049999999999887,0.0,0.0005449999999999979,0.0003507142857142836,1.553971486761714,60.845295055821424
12/23/2021,11:00AM,0.1756,0.0,-0.0015949999999999853,0.00046428571428571076,0.00046464285714285396,0.9992313604919285,49.980776624375224
12/23/2021,12:00PM,0.17655,0.0009500000000000064,0.0,0.0005217857142857127,0.00046464285714285396,1.1229823212913186,52.89645184648814
12/23/2021,1:00PM,0.177,0.0004499999999999782,0.0,0.0005539285714285683,0.00040785714285714036,1.35814360770578,57.59376160415894
12/23/2021,2:00PM,0.176335,0.0,-0.0006649999999999989,0.0005539285714285683,0.0003199999999999969,1.7310267857142927,63.383735185942065
12/23/2021,3:00PM,0.17702,0.0006850000000000189,0.0,0.0006028571428571411,0.00028535714285714075,2.112640801001261,67.87293928427835
12/23/2021,4:00PM,0.178045,0.0010249999999999981,0.0,0.0006110714285714271,0.00028535714285714075,2.1414267834793597,68.16733067729095
12/23/2021,5:00PM,0.181635,0.003589999999999982,0.0,0.0008371428571428538,0.00028535714285714075,2.9336670838548287,74.57842825326128
12/23/2021,6:00PM,0.182295,0.0006600000000000217,0.0,0.0008299999999999994,0.00028535714285714075,2.9086357947434487,74.41562600064054
12/23/2021,7:00PM,0.18329,0.0009949999999999959,0.0,0.0009010714285714276,0.00026249999999999885,3.432653061224501,77.44014732965015
12/23/2021,8:00PM,0.181965,0.0,-0.0013250000000000206,0.0008921428571428572,0.00035714285714285747,2.497999999999998,71.41223556317894
12/23/2021,9:00PM,0.18233,0.0003650000000000042,0.0,0.0008821428571428572,0.00035714285714285747,2.469999999999998,71.1815561959654
12/23/2021,10:00PM,0.18275,0.0004200000000000037,0.0,0.0006817857142857141,0.00035714285714285747,1.9089999999999978,65.62392574767959
12/23/2021,11:00PM,0.185155,0.0024049999999999905,0.0,0.0008535714285714277,0.0002821428571428578,3.0253164556961925,75.15723270440245
12/24/2021,12:00AM,0.184315,0.0,-0.0008399999999999797,0.0008535714285714277,0.00031607142857142744,2.7005649717514193,72.97709923664127
12/24/2021,1:00AM,0.1836,0.0,-0.0007149999999999934,0.0008246428571428571,0.00036714285714285554,2.246108949416352,69.19388672460303
12/24/2021,2:00AM,0.183745,0.00014499999999997848,0.0,0.0008349999999999984,0.00025321428571428516,3.2976022566995775,76.73121102723991
12/24/2021,3:00AM,0.182935,0.0,-0.0008100000000000052,0.0007671428571428551,0.0003110714285714284,2.4661308840413265,71.14938721430933
12/24/2021,4:00AM,0.182675,0.0,-0.00025999999999998247,0.0007349999999999995,0.0003296428571428557,2.229685807150604,69.03723582690381
12/24/2021,5:00AM,0.181365,0.0,-0.0013100000000000056,0.0007349999999999995,0.0003757142857142848,1.9562737642585588,66.17363344051452
12/24/2021,6:00AM,0.18093,0.0,-0.00043499999999999095,0.0006860714285714267,0.0004067857142857127,1.6865671641791065,62.77777777777781
12/24/2021,7:00AM,0.181505,0.0005749999999999922,0.0,0.0006539285714285692,0.0004067857142857127,1.6075504828797198,61.64983164983166
12/24/2021,8:00AM,0.182025,0.0005199999999999927,0.0,0.00043464285714285567,0.0004067857142857127,1.0684811237928011,51.65534804753821
12/24/2021,9:00AM,0.182965,0.0009399999999999964,0.0,0.0004546428571428539,0.0004067857142857127,1.1176470588235257,52.777777777777686
12/24/2021,10:00AM,0.184085,0.0011200000000000099,0.0,0.0004635714285714263,0.0004067857142857127,1.1395961369622465,53.262207632334814
12/24/2021,11:00AM,0.183685,0.0,-0.00040000000000001146,0.0004635714285714263,0.0003407142857142835,1.3605870020964383,57.63765541740679
12/24/2021,12:00PM,0.18714,0.0034550000000000136,0.0,0.0006842857142857127,0.0003407142857142835,2.0083857442348094,66.7595818815332
12/24/2021,1:00PM,0.186995,0.0,-0.00014500000000000624,0.0006542857142857124,0.0003510714285714268,1.8636826042726389,65.07992895204268
12/24/2021,2:00PM,0.187085,9.000000000000674e-05,0.0,0.0004889285714285707,0.0003510714285714268,1.3926754832146542,58.20578231292526
12/24/2021,3:00PM,0.18698,0.0,-0.00010499999999999399,0.0004889285714285707,0.00029857142857142783,1.6375598086124419,62.08616780045354
12/24/2021,4:00PM,0.18967,0.002689999999999998,0.0,0.0006810714285714277,0.00024749999999999973,2.7518037518037515,73.34615384615384
12/24/2021,5:00PM,0.19217,0.0025000000000000022,0.0,0.0008492857142857151,0.00024749999999999973,3.431457431457438,77.43406056659072
12/24/2021,6:00PM,0.194265,0.0020949999999999858,0.0,0.0009989285714285712,0.00018964285714285649,5.267419962335233,84.04447115384619
12/24/2021,7:00PM,0.190265,0.0,-0.0040000000000000036,0.0009989285714285712,0.00045678571428571513,2.186864738076618,68.621197252208
12/24/2021,8:00PM,0.192005,0.0017400000000000193,0.0,0.0011232142857142868,0.00036321428571428616,3.0924287118977376,75.56463238827486
12/24/2021,9:00PM,0.19114,0.0,-0.0008650000000000047,0.0011232142857142868,0.00039392857142857285,2.851314596554843,74.0348399246704
12/24/2021,10:00PM,0.187175,0.0,-0.003964999999999996,0.001082142857142859,0.0006771428571428583,1.5981012658227849,61.51035322777101
12/24/2021,11:00PM,0.186305,0.0,-0.0008700000000000097,0.0010450000000000023,0.0007392857142857161,1.4135265700483088,58.56685348278623
12/25/2021,12:00AM,0.18887,0.0025650000000000117,0.0,0.0011610714285714319,0.0007392857142857161,1.5705314009661842,61.09753805675626
12/25/2021,1:00AM,0.1874,0.0,-0.001469999999999999,0.0010810714285714312,0.000844285714285716,1.2804568527918787,56.14913745130775
12/25/2021,2:00AM,0.186665,0.0,-0.0007350000000000134,0.0010810714285714312,0.0008682142857142876,1.2451665981077749,55.45987541223892
12/25/2021,3:00AM,0.18741,0.0007449999999999957,0.0,0.0008875000000000014,0.0008682142857142876,1.02221308103661,50.54922701383238
12/25/2021,4:00AM,0.190025,0.002615000000000006,0.0,0.0010742857142857162,0.0008578571428571444,1.2522897585345545,55.600739371534196
12/25/2021,5:00AM,0.19232,0.0022949999999999915,0.0,0.001231785714285715,0.0008578571428571444,1.4358867610324713,58.94718851478377
12/25/2021,6:00AM,0.19128,0.0,-0.0010399999999999854,0.001231785714285715,0.000924642857142858,1.3321745847817685,57.12156343159986
12/25/2021,7:00AM,0.19116,0.0,-0.00012000000000000899,0.0010396428571428581,0.0009332142857142872,1.1140451588212774,52.69732078204198
12/25/2021,8:00AM,0.19048,0.0,-0.0006799999999999862,0.0008610714285714293,0.0009817857142857148,0.8770461986176794,46.72480620155039
12/25/2021,9:00AM,0.19048,0.0,0.0,0.0007114285714285731,0.0009817857142857148,0.7246271371407799,42.016452225268985
12/25/2021,10:00AM,0.18828,0.0,-0.0022000000000000075,0.0007114285714285731,0.0008532142857142865,0.8338216827124333,45.46907098835886
12/25/2021,11:00AM,0.189075,0.0007949999999999902,0.0,0.0006439285714285711,0.0008532142857142865,0.7547090832984502,43.01049618320607
12/25/2021,12:00PM,0.190385,0.0013100000000000056,0.0,0.0007375000000000001,0.0007914285714285719,0.9318592057761728,48.23639336603596
12/25/2021,1:00PM,0.18995,0.0,-0.00043499999999999095,0.0007375000000000001,0.0005392857142857144,1.3675496688741722,57.76223776223777
12/25/2021,2:00PM,0.190115,0.00016499999999999848,0.0,0.0007492857142857143,0.00047714285714285654,1.5703592814371277,61.094933022714066
12/25/2021,3:00PM,0.19079,0.0006749999999999812,0.0,0.0006142857142857121,0.00047714285714285654,1.2874251497005957,56.28272251308895
12/25/2021,4:00PM,0.189855,0.0,-0.0009349999999999914,0.0006142857142857121,0.00043892857142857026,1.3995117982099254,58.32485588335026
12/25/2021,5:00PM,0.189,0.0,-0.0008549999999999947,0.0006142857142857121,0.0004474999999999975,1.372705506783722,57.85401950891361
12/25/2021,6:00PM,0.1895,0.0005000000000000004,0.0,0.0005967857142857124,0.0004474999999999975,1.3335993615323256,57.14774281805751
12/25/2021,7:00PM,0.190045,0.0005449999999999899,0.0,0.0004489285714285684,0.0004474999999999975,1.003192338387868,50.07968127490037
12/25/2021,8:00PM,0.190305,0.0002600000000000102,0.0,0.00030357142857142687,0.0004474999999999975,0.6783719074221868,40.41844983357109
12/25/2021,9:00PM,0.192855,0.0025499999999999967,0.0,0.00048571428571428377,0.0003732142857142843,1.3014354066985643,56.54885654885654
12/25/2021,10:00PM,0.19126,0.0,-0.0015949999999999853,0.00048571428571428377,0.00047857142857142543,1.014925373134331,50.370370370370445
12/25/2021,11:00PM,0.190935,0.0,-0.0003250000000000197,0.00048571428571428377,0.000453214285714285,1.071710007880218,51.73069608216045
12/26/2021,12:00AM,0.190345,0.0,-0.0005900000000000072,0.00048571428571428377,0.0004953571428571427,0.9805335255948054,49.50855478704032
12/26/2021,1:00AM,0.191225,0.0008800000000000197,0.0,0.000548571428571428,0.00033821428571428495,1.6219640971488931,61.86065243656869
12/26/2021,2:00AM,0.189395,0.0,-0.0018299999999999983,0.0004917857142857145,0.00046892857142857055,1.048743335872051,51.18959107806697
12/26/2021,3:00AM,0.186095,0.0,-0.0032999999999999974,0.0003982142857142855,0.000704642857142856,0.5651292448048663,36.1075129533679
12/26/2021,4:00AM,0.18748,0.0013849999999999973,0.0,0.0004971428571428567,0.0006735714285714281,0.738069989395546,42.464917632702864
12/26/2021,5:00AM,0.18687,0.0,-0.0006099999999999994,0.0004853571428571425,0.0007171428571428566,0.676792828685259,40.36234036234036
12/26/2021,6:00AM,0.18717,0.0002999999999999947,0.0,0.0004585714285714292,0.0007171428571428566,0.6394422310756985,39.00364520048607
12/26/2021,7:00AM,0.18724,6.999999999998674e-05,0.0,0.00046357142857142826,0.000650357142857143,0.7127951674903893,41.61590253286308
12/26/2021,8:00AM,0.18816,0.0009200000000000041,0.0,0.0005292857142857142,0.0005892857142857148,0.8981818181818173,47.31800766283523
12/26/2021,9:00AM,0.18917,0.0010100000000000109,0.0,0.0005657142857142865,0.0005892857142857148,0.9600000000000004,48.979591836734706
12/26/2021,10:00AM,0.18931,0.00014000000000000123,0.0,0.0005367857142857159,0.0005892857142857148,0.9109090909090928,47.66888677450053
12/26/2021,11:00AM,0.1878,0.0,-0.0015100000000000113,0.0005182142857142866,0.0006971428571428585,0.7433401639344259,42.63884807522773
12/26/2021,12:00PM,0.188365,0.0005650000000000099,0.0,0.0003764285714285732,0.0006971428571428585,0.5399590163934441,35.063206919494405
12/26/2021,1:00PM,0.18789,0.0,-0.0004750000000000032,0.0003764285714285732,0.0006171428571428597,0.6099537037037039,37.8864126527678
12/26/2021,2:00PM,0.187955,6.50000000000095e-05,0.0,0.000381071428571431,0.0005939285714285726,0.6416115453998826,39.084249084249194
12/26/2021,3:00PM,0.18877,0.0008149999999999824,0.0,0.00043928571428571546,0.0005517857142857149,0.7961165048543701,44.32432432432436
12/26/2021,4:00PM,0.189515,0.0007449999999999957,0.0,0.00042964285714285663,0.0005517857142857149,0.7786407766990273,43.77729257641916
12/26/2021,5:00PM,0.189855,0.00034000000000000696,0.0,0.0004539285714285714,0.0004210714285714294,1.0780322307039842,51.87755102040811
12/26/2021,6:00PM,0.190515,0.0006599999999999939,0.0,0.0005010714285714281,0.00018535714285714385,2.7032755298651083,72.9968782518209
12/26/2021,7:00PM,0.190625,0.00010999999999999899,0.0,0.00040999999999999967,0.00018535714285714385,2.2119460500963255,68.86622675464893
12/26/2021,8:00PM,0.19035,0.0,-0.00027499999999999747,0.00040999999999999967,0.0001614285714285723,2.5398230088495417,71.74999999999987
12/26/2021,9:00PM,0.190465,0.00011500000000000399,0.0,0.0003967857142857146,0.0001614285714285723,2.4579646017699,71.08125399872031
12/26/2021,10:00PM,0.19155,0.0010850000000000026,0.0,0.00046928571428571576,0.0001614285714285723,2.9070796460176926,74.40543601358999
12/26/2021,11:00PM,0.18982,0.0,-0.0017300000000000093,0.00040357142857142973,0.0002850000000000015,1.416040100250623,58.609958506224004
12/27/2021,12:00AM,0.18942,0.0,-0.0003999999999999837,0.0003314285714285718,0.00031357142857142895,1.0569476082004556,51.38427464008859
12/27/2021,1:00AM,0.190155,0.0007349999999999857,0.0,0.0003739285714285707,0.00031357142857142895,1.192482915717536,54.38961038961031
12/27/2021,2:00AM,0.1902,4.500000000001725e-05,0.0,0.00037714285714285763,0.00020571428571428525,1.8333333333333397,64.70588235294126
12/27/2021,3:00AM,0.190935,0.0007349999999999857,0.0,0.00038928571428571305,0.00020571428571428525,1.8923611111111094,65.42617046818725
12/27/2021,4:00AM,0.190295,0.0,-0.0006400000000000017,0.00038928571428571305,0.00021749999999999943,1.7898193760262715,64.15538552089464
12/27/2021,5:00AM,0.18981,0.0,-0.00048499999999998544,0.0003846428571428552,0.00025214285714285557,1.5254957507082172,60.40381379697143
12/27/2021,6:00AM,0.19026,0.00045000000000000595,0.0,0.0003585714285714283,0.00025214285714285557,1.422096317280461,58.713450292397795
12/27/2021,7:00AM,0.189615,0.0,-0.0006450000000000067,0.0003053571428571429,0.0002982142857142846,1.0239520958083874,50.591715976331464
12/27/2021,8:00AM,0.188985,0.0,-0.0006300000000000194,0.00028107142857142816,0.000343214285714286,0.8189386056191449,45.02288329519445
12/27/2021,9:00AM,0.189885,0.0009000000000000119,0.0,0.0002982142857142866,0.000343214285714286,0.8688865764828322,46.492204899777335
12/27/2021,10:00AM,0.189555,0.0,-0.00032999999999999696,0.0002903571428571438,0.00036678571428571435,0.7916260954235662,44.184782608695734
12/27/2021,11:00AM,0.191375,0.0018199999999999883,0.0,0.00042035714285714295,0.0003471428571428574,1.2109053497942381,54.76966030711959
12/27/2021,12:00PM,0.191355,0.0,-1.9999999999992246e-05,0.00041214285714285696,0.00034857142857142823,1.1823770491803285,54.17840375586856
12/27/2021,1:00PM,0.192015,0.0006599999999999939,0.0,0.00038178571428571347,0.00034857142857142823,1.0952868852459003,52.273838630806814
12/27/2021,2:00PM,0.19168,0.0,-0.00033500000000000196,0.00038178571428571347,0.00024892857142857057,1.53371592539455,60.53227633069086
12/27/2021,3:00PM,0.19113,0.0,-0.0005499999999999949,0.00038178571428571347,0.0002596428571428571,1.470426409903711,59.521158129175895
12/27/2021,4:00PM,0.191085,0.0,-4.499999999998949e-05,0.0003292857142857145,0.00026285714285714204,1.2527173913043526,55.60916767189394
12/27/2021,5:00PM,0.19206,0.0009750000000000036,0.0,0.00039571428571428494,0.00026285714285714204,1.5054347826086973,60.08676789587855
12/27/2021,6:00PM,0.19228,0.00021999999999999797,0.0,0.00035892857142857156,0.00026285714285714204,1.3654891304347874,57.725445146467635
12/27/2021,7:00PM,0.190795,0.0,-0.001485000000000014,0.00035892857142857156,0.0003232142857142858,1.110497237569061,52.61780104712042
12/27/2021,8:00PM,0.190265,0.0,-0.0005300000000000027,0.00035892857142857156,0.0003264285714285727,1.099562363238508,52.37102657634176
12/27/2021,9:00PM,0.189305,0.0,-0.0009599999999999886,0.000326785714285714,0.0003950000000000005,0.8273056057866166,45.27461652647199
12/27/2021,10:00PM,0.189025,0.0,-0.00028000000000000247,0.000326785714285714,0.00036892857142857165,0.8857696030977721,46.97125256673507
12/27/2021,11:00PM,0.18784,0.0,-0.0011849999999999916,0.000326785714285714,0.0004085714285714268,0.7998251748251775,44.439048081593086
12/28/2021,12:00AM,0.185,0.0,-0.002840000000000009,0.00026249999999999885,0.0006114285714285703,0.42932242990654096,30.03677973028192
12/28/2021,1:00AM,0.182455,0.0,-0.0025449999999999917,0.00026249999999999885,0.0007696428571428557,0.34106728538282977,25.432525951557054
12/28/2021,2:00AM,0.18206,0.0,-0.00039500000000000646,0.00013249999999999967,0.0007978571428571418,0.16606982990152175,14.241842610364671
12/28/2021,3:00AM,0.18139,0.0,-0.0006700000000000039,0.00013249999999999967,0.0008442857142857141,0.15693739424703856,13.564899451553913
12/28/2021,4:00AM,0.17985,0.0,-0.0015399999999999858,8.535714285714297e-05,0.0009542857142857131,0.08944610778443138,8.210237031947798
12/28/2021,5:00AM,0.179855,4.999999999977245e-06,0.0,8.571428571428421e-05,0.0009303571428571415,0.09213051823416359,8.435852372583355
12/28/2021,6:00AM,0.181615,0.0017600000000000116,0.0,0.00021142857142857074,0.0008910714285714276,0.2372745490981959,19.17719468739874
12/28/2021,7:00AM,0.18158,0.0,-3.500000000000725e-05,0.00021142857142857074,0.0008903571428571431,0.23746490172482868,19.18962722852507
12/28/2021,8:00AM,0.18183,0.0002500000000000002,0.0,0.00015964285714285622,0.0008903571428571431,0.1793020457280374,15.204081632652986
12/28/2021,9:00AM,0.18056,0.0,-0.0012699999999999934,0.00014392857142857065,0.0009810714285714284,0.14670549690571455,12.793650793650741
12/28/2021,10:00AM,0.18126,0.0007000000000000062,0.0,0.00019392857142857108,0.0008749999999999988,0.2216326530612244,18.14233210825259
12/28/2021,11:00AM,0.18182,0.0005600000000000049,0.0,0.00023392857142857143,0.0008371428571428557,0.27943686006825985,21.840613537845968
12/28/2021,12:00PM,0.181465,0.0,-0.00035500000000002196,0.00023392857142857143,0.0007939285714285724,0.29464687359424163,22.75886031966641
12/28/2021,1:00PM,0.1811,0.0,-0.00036499999999997645,0.00023392857142857143,0.0007999999999999992,0.2924107142857146,22.625215889464613
12/28/2021,2:00PM,0.179515,0.0,-0.001585000000000003,0.00023392857142857143,0.0008285714285714285,0.2823275862068966,22.016806722689083
12/28/2021,3:00PM,0.178415,0.0,-0.0011000000000000176,0.00023392857142857143,0.0007042857142857148,0.33215010141987805,24.933384088313645
12/28/2021,4:00PM,0.17875,0.00033500000000000196,0.0,0.000257857142857143,0.0005225000000000012,0.4935064935064927,33.043478260869534
12/28/2021,5:00PM,0.175205,0.0,-0.0035449999999999926,0.000257857142857143,0.0007475000000000001,0.34495938843764945,25.648312611012443
12/28/2021,6:00PM,0.175405,0.00020000000000000573,0.0,0.0002721428571428577,0.000699642857142857,0.38897396630934233,28.004410143329707
12/28/2021,7:00PM,0.175285,0.0,-0.00012000000000000899,0.0002721428571428577,0.0005982142857142872,0.4549253731343281,31.267952400492405
12/28/2021,8:00PM,0.17628,0.0009949999999999959,0.0,0.00034285714285714475,0.0005982142857142872,0.5731343283582107,36.432637571157564
12/28/2021,9:00PM,0.17459,0.0,-0.001689999999999997,0.0002171428571428582,0.0007189285714285727,0.3020367610531554,23.19725295688673
12/28/2021,10:00PM,0.17415,0.0,-0.00043999999999999595,0.0002171428571428582,0.0007478571428571433,0.2903533906399248,22.501850481125174
12/28/2021,11:00PM,0.17389,0.0,-0.0002600000000000102,0.00019928571428571535,0.0007664285714285726,0.2600186393289851,20.636094674556276
12/29/2021,12:00AM,0.175275,0.0013849999999999973,0.0,0.0002982142857142866,0.0006757142857142874,0.4413319238900636,30.61972863953062
12/29/2021,1:00AM,0.175595,0.0003200000000000147,0.0,0.00027107142857143003,0.0006757142857142874,0.4011627906976756,28.630705394190926
12/29/2021,2:00AM,0.17658,0.0009849999999999859,0.0,0.0003014285714285715,0.0006757142857142874,0.44608879492600323,30.847953216374222
12/29/2021,3:00AM,0.17685,0.0002700000000000202,0.0,0.0003207142857142873,0.000650357142857143,0.4931356397583769,33.0268481059214
12/29/2021,4:00AM,0.175755,0.0,-0.0010950000000000126,0.0003207142857142873,0.0007025000000000027,0.4565327910523645,31.343804537521834
12/29/2021,5:00AM,0.17499,0.0,-0.0007649999999999879,0.0003207142857142873,0.0006439285714285731,0.49805879090405,33.24694557571274
12/29/2021,6:00AM,0.175905,0.0009149999999999991,0.0,0.00038607142857143006,0.0005653571428571433,0.6828806064434639,40.57807807807815
12/29/2021,7:00AM,0.175365,0.0,-0.0005400000000000127,0.0003621428571428585,0.0006039285714285727,0.5996451803666479,37.48613678373387
12/29/2021,8:00AM,0.1763,0.0009350000000000191,0.0,0.00042892857142857413,0.00035071428571428753,1.223014256619146,55.0160329821347
12/29/2021,9:00AM,0.176415,0.00011499999999997623,0.0,0.0004228571428571435,0.00035071428571428753,1.2057026476578367,54.66297322252992
12/29/2021,10:00AM,0.1732,0.0,-0.0032149999999999956,0.0004228571428571435,0.0005717857142857151,0.7395377888819489,42.51346499102335
12/29/2021,11:00AM,0.173175,0.0,-2.4999999999997247e-05,0.0003517857142857152,0.0005735714285714293,0.6133250311332511,38.016209957545385
12/29/2021,12:00PM,0.16992,0.0,-0.003255000000000008,0.0003517857142857152,0.0006853571428571443,0.5132881709223556,33.91873278236915
12/29/2021,1:00PM,0.17108,0.0011600000000000221,0.0,0.0004346428571428596,0.0006539285714285732,0.6646641179683253,39.92782152230978
12/29/2021,2:00PM,0.172495,0.0014149999999999996,0.0,0.0005357142857142881,0.0006353571428571439,0.8431703204047242,45.745654162854606
12/29/2021,3:00PM,0.172775,0.00028000000000000247,0.0,0.00045678571428571713,0.0006353571428571439,0.7189432265317627,41.82472204054949
12/29/2021,4:00PM,0.172015,0.0,-0.0007600000000000107,0.0004339285714285732,0.0006896428571428589,0.6292076644225799,38.62047043865229
12/29/2021,5:00PM,0.171475,0.0,-0.0005400000000000127,0.00036357142857143136,0.0007282142857142884,0.49926434526728986,33.300621524370385
12/29/2021,6:00PM,0.173915,0.0024399999999999977,0.0,0.0005185714285714298,0.0007282142857142884,0.7121137812653251,41.59266685763388
12/29/2021,7:00PM,0.172075,0.0,-0.0018399999999999805,0.0005185714285714298,0.0007814285714285718,0.6636197440585021,39.89010989010993
12/29/2021,8:00PM,0.17268,0.0006049999999999944,0.0,0.0005617857142857151,0.0007267857142857155,0.7729729729729727,43.597560975609746
12/29/2021,9:00PM,0.17134,0.0,-0.0013400000000000079,0.0004964285714285723,0.0008225000000000018,0.603560573165436,37.638776062821535
12/29/2021,10:00PM,0.171445,0.00010499999999999399,0.0,0.0005039285714285718,0.0007839285714285724,0.6428246013667424,39.12922906267331
12/29/2021,11:00PM,0.168075,0.0,-0.003369999999999984,0.00043714285714285616,0.001024642857142857,0.4266294876263497,29.904715367700902
12/30/2021,12:00AM,0.169185,0.0011099999999999999,0.0,0.0005082142857142864,0.001024642857142857,0.49599163471592966,33.15470643056854
12/30/2021,1:00AM,0.169465,0.00028000000000000247,0.0,0.0005282142857142866,0.000795,0.6644204851752032,39.91902834008101
12/30/2021,2:00AM,0.169195,0.0,-0.00026999999999999247,0.0005282142857142866,0.0008124999999999997,0.6501098901098914,39.39797549280772
12/30/2021,3:00AM,0.16884,0.0,-0.00035500000000002196,0.0005282142857142866,0.0006053571428571436,0.8725663716814163,46.59735349716447
12/30/2021,4:00AM,0.170065,0.0012250000000000039,0.0,0.0005328571428571424,0.0006053571428571436,0.8802359882005882,46.815186695952264
12/30/2021,5:00AM,0.169575,0.0,-0.0004899999999999904,0.0004317857142857139,0.0006403571428571429,0.6742889012827656,40.27315123251163
12/30/2021,6:00AM,0.171295,0.0017199999999999993,0.0,0.0005346428571428566,0.0006403571428571429,0.8349135527049628,45.50151975683888
12/30/2021,7:00AM,0.173215,0.001920000000000005,0.0,0.0006717857142857141,0.0005860714285714279,1.1462522851919572,53.407155025553685
12/30/2021,8:00AM,0.17119,0.0,-0.002024999999999999,0.0006717857142857141,0.0006921428571428555,0.9705882352941196,49.25373134328363
12/30/2021,9:00AM,0.17161,0.0004200000000000037,0.0,0.0005275000000000002,0.0006921428571428555,0.7621259029927782,43.2503660322109
12/30/2021,10:00AM,0.173055,0.001444999999999974,0.0,0.000630714285714284,0.0005607142857142854,1.124840764331208,52.937649880095876
12/30/2021,11:00AM,0.174965,0.0019100000000000228,0.0,0.0007239285714285718,0.0005607142857142854,1.291082802547772,56.35251598554353
12/30/2021,12:00PM,0.17438,0.0,-0.0005850000000000022,0.0007239285714285718,0.0005067857142857136,1.428470754052152,58.821822402785884
12/30/2021,1:00PM,0.172745,0.0,-0.0016349999999999976,0.0007164285714285722,0.0006235714285714277,1.1489117983963373,53.46481876332629
12/30/2021,2:00PM,0.17275,4.999999999977245e-06,0.0,0.0007167857142857134,0.0003828571428571431,1.8722014925373098,65.18350113673267
12/30/2021,3:00PM,0.172135,0.0,-0.0006149999999999767,0.0006374999999999992,0.0004267857142857129,1.493723849372388,59.89932885906045
12/30/2021,4:00PM,0.1735,0.0013649999999999773,0.0,0.0007149999999999974,0.0004267857142857129,1.6753138075313803,62.62120738192055
12/30/2021,5:00PM,0.173045,0.0,-0.0004549999999999832,0.0007149999999999974,0.00043999999999999796,1.6250000000000018,61.90476190476193
12/30/2021,6:00PM,0.17349,0.00044500000000000095,0.0,0.0007467857142857118,0.0004146428571428535,1.8010335917312759,64.29889298893002
12/30/2021,7:00PM,0.17268,0.0,-0.0008100000000000052,0.0006592857142857114,0.00047249999999999674,1.3953136810279703,58.25181445250874
12/30/2021,8:00PM,0.171165,0.0,-0.0015149999999999886,0.0006592857142857114,0.0005457142857142823,1.2081151832460757,54.71250740960289
12/30/2021,9:00PM,0.17202,0.0008549999999999947,0.0,0.0005974999999999968,0.0005457142857142823,1.0948952879581162,52.26491721337084
12/30/2021,10:00PM,0.17102,0.0,-0.0010000000000000009,0.00046035714285713936,0.0006171428571428538,0.7459490740740725,42.72456082200857
12/30/2021,11:00PM,0.170915,0.0,-0.00010499999999999399,0.00046035714285713936,0.0004799999999999963,0.959077380952381,48.95556399544246
12/31/2021,12:00AM,0.17151,0.0005949999999999844,0.0,0.000472857142857138,0.0004799999999999963,0.985119047619045,49.62518740629679
12/31/2021,1:00AM,0.17182,0.0003100000000000047,0.0,0.0003917857142857116,0.0004799999999999963,0.8162202380952387,44.94059811552644
12/31/2021,2:00AM,0.170545,0.0,-0.0012749999999999984,0.0002553571428571385,0.0005710714285714248,0.4471544715447108,30.89887640449416
12/31/2021,3:00AM,0.171435,0.0008900000000000019,0.0,0.00031892857142856723,0.0005292857142857103,0.6025641025640991,37.599999999999866
12/31/2021,4:00AM,0.17179,0.0003549999999999942,0.0,0.0003442857142857097,0.0004124999999999962,0.8346320346320312,45.49315714959876
12/31/2021,5:00AM,0.171255,0.0,-0.0005350000000000077,0.00034392857142856844,0.0004507142857142825,0.7630744849445313,43.28089887640446
12/31/2021,6:00AM,0.171425,0.00017000000000000348,0.0,0.0003560714285714258,0.0004067857142857127,0.8753292361720774,46.676029962546714
12/31/2021,7:00AM,0.17194,0.0005150000000000154,0.0,0.00029535714285714283,0.0004067857142857127,0.7260755048287999,42.065106815869875
12/31/2021,8:00AM,0.174925,0.0029849999999999877,0.0,0.0005085714285714277,0.0003742857142857139,1.3587786259541976,57.6051779935275
12/31/2021,9:00AM,0.174585,0.0,-0.00034000000000000696,0.00047678571428571334,0.0003985714285714287,1.196236559139782,54.46756425948587
12/31/2021,10:00AM,0.17369,0.0,-0.0008949999999999791,0.00047678571428571334,0.0004046428571428554,1.1782877316857927,54.0923824959482
12/31/2021,11:00AM,0.173395,0.0,-0.00029500000000001747,0.00047678571428571334,0.00031750000000000034,1.5016872890888593,60.02697841726611
12/31/2021,12:00PM,0.17384,0.00044500000000000095,0.0,0.0004474999999999995,0.00031750000000000034,1.4094488188976346,58.49673202614373
12/31/2021,1:00PM,0.173575,0.0,-0.00026499999999998747,0.0004474999999999995,0.00026499999999999934,1.6886792452830213,62.80701754385968
12/31/2021,2:00PM,0.17346,0.0,-0.00011500000000000399,0.0004474999999999995,0.0002657142857142858,1.684139784946234,62.74411617426136
12/31/2021,3:00PM,0.173565,0.00010499999999999399,0.0,0.00041250000000000016,0.0002657142857142858,1.5524193548387097,60.82148499210111
12/31/2021,4:00PM,0.1716,0.0,-0.0019649999999999945,0.0003903571428571427,0.0004060714285714283,0.9613016710642044,49.013452914798215
12/31/2021,5:00PM,0.17102,0.0,-0.0005799999999999972,0.0003903571428571427,0.000356428571428571,1.095190380761524,52.27164036346248
12/31/2021,6:00PM,0.170175,0.0,-0.0008450000000000124,0.000326785714285714,0.00041678571428571475,0.7840616966580961,43.94812680115268
12/31/2021,7:00PM,0.16668,0.0,-0.003494999999999998,0.0003014285714285715,0.0006664285714285718,0.45230439442658077,31.14391143911439
12/31/2021,8:00PM,0.167635,0.0009550000000000114,0.0,0.00036964285714285804,0.0006282142857142855,0.5884025014212637,37.043664996420965
12/31/2021,9:00PM,0.170515,0.0028799999999999937,0.0,0.0005632142857142859,0.0006282142857142855,0.896532120523025,47.27218225419666
12/31/2021,10:00PM,0.170035,0.0,-0.0004800000000000082,0.0005264285714285706,0.0006625000000000004,0.7946091644204833,44.27756082907774
12/31/2021,11:00PM,0.170285,0.0002500000000000002,0.0,0.00033107142857142856,0.0006625000000000004,0.4997304582210239,33.321351545650586
01/01/2022,12:00AM,0.171735,0.0014500000000000068,0.0,0.00043464285714285767,0.0006382142857142856,0.681029658645776,40.512649800266345
01/01/2022,1:00AM,0.171835,9.999999999998899e-05,0.0,0.000441785714285714,0.0005742857142857157,0.7692786069651718,43.479789103690614
01/01/2022,2:00AM,0.171475,0.0,-0.0003599999999999992,0.000441785714285714,0.0005789285714285715,0.7631091918568779,43.28201539538137
01/01/2022,3:00AM,0.171435,0.0,-3.999999999998449e-05,0.00040999999999999967,0.0005817857142857133,0.7047268262737882,41.33957508102271
01/01/2022,4:00AM,0.17004,0.0,-0.0013950000000000073,0.00040999999999999967,0.0006625000000000004,0.618867924528301,38.228438228438186
01/01/2022,5:00AM,0.171655,0.0016150000000000053,0.0,0.0005253571428571428,0.0006542857142857143,0.802947598253275,44.535270965788676
01/01/2022,6:00AM,0.17152,0.0,-0.00013499999999999623,0.0005178571428571434,0.0006639285714285713,0.779989241527704,43.8198851616803
01/01/2022,7:00AM,0.17111,0.0,-0.0004099999999999937,0.0005178571428571434,0.0005528571428571426,0.9366925064599497,48.365577051367616
01/01/2022,8:00AM,0.17164,0.0005299999999999749,0.0,0.0005557142857142844,0.0005114285714285714,1.0865921787709472,52.074966532797795
01/01/2022,9:00AM,0.171095,0.0,-0.0005449999999999899,0.0005557142857142844,0.0004899999999999984,1.1341107871720129,53.14207650273226
01/01/2022,10:00AM,0.170585,0.0,-0.0005100000000000104,0.0005557142857142844,0.0002767857142857135,2.007741935483872,66.75246675246677
01/01/2022,11:00AM,0.170555,0.0,-2.999999999997449e-05,0.00048749999999999786,0.00027892857142856886,1.747759282970559,63.60671015843441
01/01/2022,12:00PM,0.171255,0.0006999999999999784,0.0,0.00033178571428571106,0.00027892857142856886,1.189500640204865,54.32748538011695
01/01/2022,1:00PM,0.17102,0.0,-0.00023499999999998522,0.00033178571428571106,0.00026142857142856724,1.2691256830601172,55.93016255267926
01/01/2022,2:00PM,0.171375,0.0003549999999999942,0.0,0.00033928571428571065,0.00026142857142856724,1.29781420765028,56.4803804994056
01/01/2022,3:00PM,0.17211,0.0007350000000000134,0.0,0.00028821428571428254,0.00026142857142856724,1.1024590163934482,52.4366471734894
